location,reference_date,energyscore,energyscore_norm,location_name
01,2025-11-29,178.8601268526009,0.3635368431963433,Alabama
02,2025-11-29,32.759371799747186,0.41467559240186314,Alaska
04,2025-11-29,63.61581684588103,0.21205272281960344,Arizona
05,2025-11-29,54.16042986951621,0.14797931658337762,Arkansas
06,2025-11-29,375.80265075186907,0.23140557312307208,California
08,2025-11-29,398.36193435520875,0.34048028577368267,Colorado
09,2025-11-29,403.01703889806964,0.4730246935423353,Connecticut
10,2025-11-29,76.40535956385283,0.4547938069276954,Delaware
11,2025-11-29,27.098687824168408,0.22582239853473673,District of Columbia
12,2025-11-29,884.2913302021741,0.21791309270630213,Florida
13,2025-11-29,500.5292296895241,0.3699403028008308,Georgia
15,2025-11-29,39.96165595895942,0.17920025093703776,Hawaii
16,2025-11-29,48.75022595875425,0.23104372492300593,Idaho
17,2025-11-29,411.9648917750914,0.34131308349220496,Illinois
18,2025-11-29,198.3790353178767,0.27629392105553857,Indiana
19,2025-11-29,47.59451640633968,0.29561811432509116,Iowa
20,2025-11-29,58.34319982642883,0.35146505919535437,Kansas
21,2025-11-29,133.0608725640059,0.2950351941552237,Kentucky
22,2025-11-29,284.6446643917771,0.2913456135023307,Louisiana
23,2025-11-29,55.71752349390464,0.3816268732459222,Maine
24,2025-11-29,325.84476059044914,0.3715447669218348,Maryland
25,2025-11-29,362.06288840090605,0.38232617571373395,Massachusetts
26,2025-11-29,289.5736245690489,0.3382869445900104,Michigan
27,2025-11-29,473.7393718571861,0.48439608574354404,Minnesota
28,2025-11-29,92.89671163101649,0.3236819220592909,Mississippi
29,2025-11-29,144.96385263438543,0.2777085299509299,Missouri
30,2025-11-29,24.08328678183943,0.2589600729230046,Montana
31,2025-11-29,47.48363192674016,0.3709658744276575,Nebraska
32,2025-11-29,82.80322690732166,0.36477192470185754,Nevada
33,2025-11-29,71.88881638424643,0.40615150499574254,New Hampshire
34,2025-11-29,961.2260541803571,0.45750883111868496,New Jersey
35,2025-11-29,121.51184911424289,0.38331813600707537,New Mexico
36,2025-11-29,3180.3817776560036,0.45447010255158665,New York
37,2025-11-29,1050.2295170669734,0.46843421813870356,North Carolina
38,2025-11-29,39.371537264012545,0.4188461411065164,North Dakota
39,2025-11-29,471.99037442758134,0.3432657268564228,Ohio
40,2025-11-29,44.313434314731,0.23824427050930644,Oklahoma
41,2025-11-29,29.61493074376083,0.1773349146332984,Oregon
42,2025-11-29,901.4888637821145,0.3191111022237574,Pennsylvania
44,2025-11-29,140.60640057962814,0.49860425737456787,Rhode Island
45,2025-11-29,252.88476234665637,0.3872660985400557,South Carolina
46,2025-11-29,12.206376177266096,0.29062800422062135,South Dakota
47,2025-11-29,203.7381882256937,0.29961498268484366,Tennessee
48,2025-11-29,1082.8138378801427,0.2765808015019522,Texas
49,2025-11-29,99.86818726378634,0.36581753576478515,Utah
50,2025-11-29,7.5596092810921025,0.27998552892933715,Vermont
51,2025-11-29,244.7529979537394,0.29920904395322667,Virginia
53,2025-11-29,49.757353029103925,0.1829314449599409,Washington
54,2025-11-29,35.3290898009856,0.29440908167488,West Virginia
55,2025-11-29,251.39195894224872,0.40678310508454485,Wisconsin
56,2025-11-29,19.152803422153873,0.27361147745934106,Wyoming
72,2025-11-29,108.23621572058241,0.12230080872382193,72
US,2025-11-29,15431.146719686514,0.34361687716412476,United States
01,2025-12-06,436.05960080200975,0.461927543222468,Alabama
02,2025-12-06,83.2052698686385,0.5299698717747675,Alaska
04,2025-12-06,161.72400919914085,0.284224972230476,Arizona
05,2025-12-06,166.79324885933863,0.2851166647168182,Arkansas
06,2025-12-06,791.8972058136775,0.2983787512485597,California
08,2025-12-06,704.9332191233983,0.3833242083324624,Colorado
09,2025-12-06,639.5713256315507,0.4472526752668187,Connecticut
10,2025-12-06,198.76217600966865,0.5430660546712258,Delaware
11,2025-12-06,79.0446886540047,0.3874739639902191,District of Columbia
12,2025-12-06,1565.7307376394317,0.2839555200651853,Florida
13,2025-12-06,1220.6278913192634,0.4718314230070597,Georgia
15,2025-12-06,81.27566077744392,0.28821156304058126,Hawaii
16,2025-12-06,83.66870885287241,0.2505051163259653,Idaho
17,2025-12-06,1238.5947674651186,0.48269476518515925,Illinois
18,2025-12-06,513.0938097326477,0.38549497350311623,Indiana
19,2025-12-06,200.15746669952415,0.49421596715931887,Iowa
20,2025-12-06,215.590042041958,0.5108768768766777,Kansas
21,2025-12-06,419.88446678421656,0.44244938544174556,Kentucky
22,2025-12-06,582.039355797518,0.37575168224500843,Louisiana
23,2025-12-06,122.65861653990228,0.43806648764250816,Maine
24,2025-12-06,547.4150004959199,0.3855035214759999,Maryland
25,2025-12-06,900.0967866062733,0.49185616754441164,Massachusetts
26,2025-12-06,775.7581372495389,0.45392518270891685,Michigan
27,2025-12-06,932.0179745165993,0.5043387307990256,Minnesota
28,2025-12-06,201.3056393321527,0.3947169398669661,Mississippi
29,2025-12-06,652.5885285461804,0.5122358936783206,Missouri
30,2025-12-06,90.39510950430892,0.4475005421005392,Montana
31,2025-12-06,134.9789883052379,0.4786488946994251,Nebraska
32,2025-12-06,237.96916823167498,0.4886430559171971,Nevada
33,2025-12-06,186.87810293302044,0.5162378534061338,New Hampshire
34,2025-12-06,1489.7385681938777,0.4364894720755575,New Jersey
35,2025-12-06,326.88733795457654,0.4923002077629165,New Mexico
36,2025-12-06,4284.820835118263,0.42144396922575617,New York
37,2025-12-06,2432.4733740519832,0.5282244026171516,North Carolina
38,2025-12-06,87.07314473956875,0.468135186771875,North Dakota
39,2025-12-06,1341.7470229404066,0.4691423157134289,Ohio
40,2025-12-06,136.56108019516174,0.3448512126140448,Oklahoma
41,2025-12-06,80.86346096249028,0.2940489489545101,Oregon
42,2025-12-06,1920.3803203156576,0.3957099361870302,Pennsylvania
44,2025-12-06,217.57354617090527,0.47298596993675057,Rhode Island
45,2025-12-06,769.2382359276767,0.5283229642360416,South Carolina
46,2025-12-06,43.5139641786042,0.4308313285010317,South Dakota
47,2025-12-06,718.0830323212683,0.4855192916303369,Tennessee
48,2025-12-06,2200.229137563956,0.35747020918991973,Texas
49,2025-12-06,196.2530114192691,0.4131642345668823,Utah
50,2025-12-06,31.930794580846836,0.45615420829781195,Vermont
51,2025-12-06,689.7416060747859,0.44157593218616253,Virginia
53,2025-12-06,96.2412071649923,0.24060301791248076,Washington
54,2025-12-06,136.54623546368677,0.45213985252876415,West Virginia
55,2025-12-06,666.1731316081334,0.5031519120907352,Wisconsin
56,2025-12-06,39.22420014140109,0.335249573858129,Wyoming
72,2025-12-06,183.57767909052023,0.1714077302432495,72
US,2025-12-06,32930.783413153695,0.4260678407705226,United States
01,2025-12-13,565.3283892910686,0.41025282241732114,Alabama
02,2025-12-13,95.62310716645113,0.43663519254087274,Alaska
04,2025-12-13,255.73668722721516,0.2873445923901294,Arizona
05,2025-12-13,270.48082668971335,0.33516831064400665,Arkansas
06,2025-12-13,1325.62434070451,0.33475362139002773,California
08,2025-12-13,837.1284878737451,0.34210399994840424,Colorado
09,2025-12-13,1008.811704020427,0.48430710706693564,Connecticut
10,2025-12-13,274.70970170241816,0.49231129337350926,Delaware
11,2025-12-13,96.36170886470308,0.3393017917771235,District of Columbia
12,2025-12-13,2164.942425923653,0.2991491537824586,Florida
13,2025-12-13,1664.4190700364018,0.44718405965513214,Georgia
15,2025-12-13,86.00478670612195,0.24433178041511916,Hawaii
16,2025-12-13,195.98823869724208,0.3740233562924467,Idaho
17,2025-12-13,1921.6676650271013,0.4679005758527152,Illinois
18,2025-12-13,863.3900373642434,0.4074516457594353,Indiana
19,2025-12-13,389.1602711753544,0.5087062368305286,Iowa
20,2025-12-13,362.17494663807463,0.48097602475175916,Kansas
21,2025-12-13,646.2984174099412,0.427163527699895,Kentucky
22,2025-12-13,673.6774798254986,0.3316974297515995,Louisiana
23,2025-12-13,247.30610323402965,0.48020602569714493,Maine
24,2025-12-13,801.2495602600206,0.3842923550407773,Maryland
25,2025-12-13,1344.1909051304165,0.4518288756740896,Massachusetts
26,2025-12-13,1310.9868528998697,0.45520376836801035,Michigan
27,2025-12-13,1279.721445414072,0.45606608888598427,Minnesota
28,2025-12-13,259.7849800929857,0.37218478523350385,Mississippi
29,2025-12-13,1009.7713210326528,0.4742937158443649,Missouri
30,2025-12-13,149.47420867686762,0.4435436459254232,Montana
31,2025-12-13,215.09781750436608,0.45863074094747563,Nebraska
32,2025-12-13,288.8773788748013,0.409174757613033,Nevada
33,2025-12-13,303.3114464040909,0.48375031324416407,New Hampshire
34,2025-12-13,1874.1476314443928,0.3856270846593401,New Jersey
35,2025-12-13,480.16145346009836,0.46437277897495005,New Mexico
36,2025-12-13,4113.732906181665,0.3218127909083678,New York
37,2025-12-13,3038.8031810438174,0.44985983435141635,North Carolina
38,2025-12-13,167.21848101950397,0.4976740506532856,North Dakota
39,2025-12-13,2065.2667219487303,0.4449088155856808,Ohio
40,2025-12-13,210.18886171769842,0.3417705068580462,Oklahoma
41,2025-12-13,117.14707154377051,0.271173776721691,Oregon
42,2025-12-13,3153.5929071579358,0.4113203217892182,Pennsylvania
44,2025-12-13,314.95472671472925,0.4454805186912719,Rhode Island
45,2025-12-13,1049.7108374810002,0.4642683934015923,South Carolina
46,2025-12-13,98.96930167346255,0.4851436356542282,South Dakota
47,2025-12-13,973.0560167413868,0.43517710945500304,Tennessee
48,2025-12-13,2615.388746114491,0.3332979159060139,Texas
49,2025-12-13,265.462168274251,0.3847277801076101,Utah
50,2025-12-13,54.29154040996514,0.44139463747939134,Vermont
51,2025-12-13,1084.688157767684,0.4277161505393076,Virginia
53,2025-12-13,144.98268537345547,0.24615056939466123,Washington
54,2025-12-13,227.64604251884333,0.4446211767946159,West Virginia
55,2025-12-13,1118.6311329606149,0.4863613621567891,Wisconsin
56,2025-12-13,54.72239647066422,0.33165088770099527,Wyoming
72,2025-12-13,106.2163478700883,0.08866139221209374,72
US,2025-12-13,45013.024097342575,0.4002047041328524,United States
01,2025-12-20,559.4289132360873,0.3518420837962813,Alabama
02,2025-12-20,97.60209046642257,0.38730988280326417,Alaska
04,2025-12-20,249.7077539996927,0.24173064278769865,Arizona
05,2025-12-20,260.90925311385297,0.2954804678526081,Arkansas
06,2025-12-20,1427.296668724553,0.2838696636285905,California
08,2025-12-20,745.2975324381605,0.2823096713780911,Colorado
09,2025-12-20,742.0204322776399,0.31508298610515495,Connecticut
10,2025-12-20,292.30555411143877,0.4217973363801425,Delaware
11,2025-12-20,102.97746801037422,0.3083157724861504,District of Columbia
12,2025-12-20,2686.737781086716,0.30551942018270595,Florida
13,2025-12-20,1447.3876106168157,0.35310749222171645,Georgia
15,2025-12-20,44.68666595568744,0.12276556581232813,Hawaii
16,2025-12-20,247.36725822706407,0.38292145236387626,Idaho
17,2025-12-20,2158.986500293114,0.42871058385486777,Illinois
18,2025-12-20,929.9438249841795,0.35794604502855254,Indiana
19,2025-12-20,435.9888164804381,0.42954563200043167,Iowa
20,2025-12-20,417.3538728648249,0.42114417039841057,Kansas
21,2025-12-20,698.0642305618634,0.3779449001417777,Kentucky
22,2025-12-20,700.7596509235123,0.3155153763725854,Louisiana
23,2025-12-20,263.30279838870456,0.40137621705595206,Maine
24,2025-12-20,772.3695264530701,0.3173251957490017,Maryland
25,2025-12-20,1401.326464828343,0.38561542785590064,Massachusetts
26,2025-12-20,1363.026165388711,0.3789341577394248,Michigan
27,2025-12-20,1130.7780177970217,0.34750400055225006,Minnesota
28,2025-12-20,235.59966945900734,0.28801915581785736,Mississippi
29,2025-12-20,1066.3965059164696,0.42100138409651383,Missouri
30,2025-12-20,165.64899409198915,0.3799288855320852,Montana
31,2025-12-20,229.38488703336725,0.3785229158966456,Nebraska
32,2025-12-20,288.42998942725814,0.33893065737633155,Nevada
33,2025-12-20,332.59862725717653,0.41316599659276587,New Hampshire
34,2025-12-20,1486.7325934466253,0.2713015681471944,New Jersey
35,2025-12-20,472.83823350568537,0.39013055569776023,New Mexico
36,2025-12-20,3701.104867310558,0.2796452487578812,New York
37,2025-12-20,2821.624888920848,0.36951609336312835,North Carolina
38,2025-12-20,166.918528274742,0.3993266226668469,North Dakota
39,2025-12-20,2148.382281554302,0.3775715784805452,Ohio
40,2025-12-20,229.28746668808282,0.3136627451273363,Oklahoma
41,2025-12-20,185.7219189946727,0.33046604803322543,Oregon
42,2025-12-20,3232.5133295001956,0.3511692916350022,Pennsylvania
44,2025-12-20,254.7877206336695,0.32581549953154665,Rhode Island
45,2025-12-20,1109.607672396924,0.41142294119277867,South Carolina
46,2025-12-20,111.8910543375943,0.4336862571224585,South Dakota
47,2025-12-20,929.9576944316435,0.3591957104795842,Tennessee
48,2025-12-20,2303.174897965241,0.2642467758106059,Texas
49,2025-12-20,256.35440188437684,0.3261506385297415,Utah
50,2025-12-20,63.00509650138561,0.38892034877398524,Vermont
51,2025-12-20,1227.920443018098,0.383365733068404,Virginia
53,2025-12-20,261.13637549477704,0.330134482294282,Washington
54,2025-12-20,253.2739850991663,0.367596495064102,West Virginia
55,2025-12-20,1206.1491091768546,0.42158305109292366,Wisconsin
56,2025-12-20,52.18007024748692,0.2609003512374346,Wyoming
72,2025-12-20,211.40896567046954,0.16325016654090313,72
US,2025-12-20,44675.11744653186,0.3403766605197015,United States
01,2025-12-27,277.9272731581172,0.1827266753176313,Alabama
02,2025-12-27,50.0240236975623,0.20417968856147878,Alaska
04,2025-12-27,210.06592383785784,0.20082784305722548,Arizona
05,2025-12-27,157.5691927357908,0.1790559008361259,Arkansas
06,2025-12-27,1300.8203514615,0.22801408439290097,California
08,2025-12-27,422.1203361491506,0.17639796746725891,Colorado
09,2025-12-27,378.2210947154873,0.17608058413197733,Connecticut
10,2025-12-27,151.96117715176948,0.20873788070298005,Delaware
11,2025-12-27,89.35332711939348,0.2651434039151142,District of Columbia
12,2025-12-27,1614.6647449246614,0.17849488668192146,Florida
13,2025-12-27,1240.3317745820332,0.3287388747898312,Georgia
15,2025-12-27,31.96652509396513,0.09657560451348983,Hawaii
16,2025-12-27,147.9802734408406,0.22286185759162738,Idaho
17,2025-12-27,1453.8658458934224,0.2808859825914649,Illinois
18,2025-12-27,641.3550516755791,0.2438612363785472,Indiana
19,2025-12-27,398.1431070773909,0.3357024511613751,Iowa
20,2025-12-27,320.8740451390221,0.29738095008250426,Kansas
21,2025-12-27,548.9491707343809,0.28223607749839635,Kentucky
22,2025-12-27,308.0612819598191,0.14782211226478845,Louisiana
23,2025-12-27,192.09544097937243,0.2775945678892665,Maine
24,2025-12-27,459.229432142203,0.1982855924620911,Maryland
25,2025-12-27,947.6386845459058,0.2587762655778006,Massachusetts
26,2025-12-27,1012.4249348888964,0.27661883466909737,Michigan
27,2025-12-27,606.7497347726428,0.19403573225860019,Minnesota
28,2025-12-27,111.95260154335104,0.13770307692909106,Mississippi
29,2025-12-27,1016.0017108047341,0.3635068732753968,Missouri
30,2025-12-27,168.1237943436188,0.35172341912890964,Montana
31,2025-12-27,170.96363469222737,0.25942888420671834,Nebraska
32,2025-12-27,179.8324796866425,0.21107098554770246,Nevada
33,2025-12-27,258.3572643772913,0.29902461154779086,New Hampshire
34,2025-12-27,743.5381799089586,0.14720613342089856,New Jersey
35,2025-12-27,300.65260514477575,0.25286173687533703,New Mexico
36,2025-12-27,2054.8271410355524,0.1820041754681623,New York
37,2025-12-27,1899.9004476165635,0.26956589778895623,North Carolina
38,2025-12-27,114.0617989163112,0.2490432290749153,North Dakota
39,2025-12-27,1429.1376185980462,0.24627565373049218,Ohio
40,2025-12-27,230.3577592641464,0.28369182175387486,Oklahoma
41,2025-12-27,216.17682821817283,0.30533450313301247,Oregon
42,2025-12-27,2340.9669350204076,0.23848481408113362,Pennsylvania
44,2025-12-27,160.5597738345091,0.22176764341783023,Rhode Island
45,2025-12-27,624.0922809006887,0.2394828399465421,South Carolina
46,2025-12-27,100.08597196771684,0.3228579740894092,South Dakota
47,2025-12-27,631.9544247437384,0.2470502051382871,Tennessee
48,2025-12-27,1253.906255016094,0.1520070620700805,Texas
49,2025-12-27,144.22367995747706,0.1920421836983716,Utah
50,2025-12-27,62.028139839749215,0.3389515838237662,Vermont
51,2025-12-27,951.0793859152409,0.28759582277449075,Virginia
53,2025-12-27,164.4897494247191,0.18670800161716128,Washington
54,2025-12-27,217.0554055623039,0.2733695284159999,West Virginia
55,2025-12-27,967.3919884282216,0.3234342990398601,Wisconsin
56,2025-12-27,38.95914524532438,0.1977621586057075,Wyoming
72,2025-12-27,176.681931375796,0.13106968202952227,72
US,2025-12-27,27853.845451812536,0.21438733289573467,United States
01,2026-01-03,331.511042441576,0.2604171582416151,Alabama
02,2026-01-03,45.67646306909458,0.24689980037348422,Alaska
04,2026-01-03,166.94532511505548,0.17989797964984428,Arizona
05,2026-01-03,122.82009046428982,0.1637601206190531,Arkansas
06,2026-01-03,636.9870840948266,0.104733160817959,California
08,2026-01-03,723.4576905165266,0.41152314591383765,Colorado
09,2026-01-03,633.6868347079234,0.3928622657829655,Connecticut
10,2026-01-03,110.32872259056813,0.17852544108506171,Delaware
11,2026-01-03,45.89170322517332,0.16871949715137252,District of Columbia
12,2026-01-03,737.1996392041619,0.08782459366263545,Florida
13,2026-01-03,915.8868697606794,0.3373432301144307,Georgia
15,2026-01-03,45.70001679525049,0.15868061387239754,Hawaii
16,2026-01-03,99.50397623023304,0.16338912353076032,Idaho
17,2026-01-03,815.0705653879551,0.18784756058722174,Illinois
18,2026-01-03,358.7969958012734,0.15967823578160809,Indiana
19,2026-01-03,124.617779090051,0.10705994767186512,Iowa
20,2026-01-03,90.59063527353719,0.08855389567305688,Kansas
21,2026-01-03,196.82496725033104,0.11708802334939383,Kentucky
22,2026-01-03,217.77556797991232,0.12588183120226146,Louisiana
23,2026-01-03,111.48370452362484,0.17808898486202052,Maine
24,2026-01-03,440.3807016248113,0.23920733385378126,Maryland
25,2026-01-03,655.3408782611572,0.2216985379773874,Massachusetts
26,2026-01-03,507.93881158995646,0.1615581461800116,Michigan
27,2026-01-03,637.566462027352,0.2538083049471943,Minnesota
28,2026-01-03,106.364873214275,0.1561892411369677,Mississippi
29,2026-01-03,285.1128752521191,0.11684953903775373,Missouri
30,2026-01-03,50.32604702684475,0.1198239214924875,Montana
31,2026-01-03,58.83533982305699,0.09236317083682416,Nebraska
32,2026-01-03,155.4955863629874,0.23002305674998139,Nevada
33,2026-01-03,108.65914329611236,0.13824318485510478,New Hampshire
34,2026-01-03,1138.7707226536238,0.2858360247624558,New Jersey
35,2026-01-03,255.7070174420943,0.27173965721795357,New Mexico
36,2026-01-03,3089.430012018114,0.38084689497264723,New York
37,2026-01-03,2407.5105805940093,0.4769236490875613,North Carolina
38,2026-01-03,64.93198585767152,0.1517102473310082,North Dakota
39,2026-01-03,809.4270698121143,0.16461807399066794,Ohio
40,2026-01-03,85.05947821372988,0.11386811005854067,Oklahoma
41,2026-01-03,163.94188925254423,0.2009091780055689,Oregon
42,2026-01-03,1241.40818634709,0.143167822205869,Pennsylvania
44,2026-01-03,167.26242989374506,0.2844599147852807,Rhode Island
45,2026-01-03,689.5567960617728,0.3463369141445368,South Carolina
46,2026-01-03,44.61589913729213,0.14074416131637896,South Dakota
47,2026-01-03,702.1280142222672,0.3494912962778831,Tennessee
48,2026-01-03,1297.833266416446,0.19094207244614475,Texas
49,2026-01-03,187.0745761164201,0.3149403638323571,Utah
50,2026-01-03,16.76903469033376,0.0998156826805581,Vermont
51,2026-01-03,489.37798744529994,0.16799793595787846,Virginia
53,2026-01-03,121.48680534327328,0.12747828472536546,Washington
54,2026-01-03,39.8312990127957,0.05054733377258337,West Virginia
55,2026-01-03,464.3900131008461,0.17895568905620274,Wisconsin
56,2026-01-03,29.025281106742487,0.18370431080216765,Wyoming
72,2026-01-03,89.77274776288714,0.07474833285835732,72
US,2026-01-03,19032.421209363256,0.17438538766138223,United States
01,2026-01-10,329.16539388814874,0.31834177358621735,Alabama
02,2026-01-10,33.13441007719259,0.24010442084922168,Alaska
04,2026-01-10,232.5089064736104,0.2804691272299281,Arizona
05,2026-01-10,100.39147661788378,0.14741773365328015,Arkansas
06,2026-01-10,287.09392007036854,0.04658346910114693,California
08,2026-01-10,980.7291811717555,0.910612053084267,Colorado
09,2026-01-10,1011.0082950493457,1.1013162255439497,Connecticut
10,2026-01-10,101.41073812666636,0.20996012034506492,Delaware
11,2026-01-10,68.11495735715029,0.376325731254974,District of Columbia
12,2026-01-10,933.438516632714,0.12667098882246086,Florida
13,2026-01-10,1374.9465443081383,0.7906535619943291,Georgia
15,2026-01-10,99.71675478280946,0.4888076214843601,Hawaii
16,2026-01-10,181.90251174848862,0.3829526563126076,Idaho
17,2026-01-10,1482.8863809392374,0.4704588772015347,Illinois
18,2026-01-10,649.0439713095932,0.3872577394448647,Indiana
19,2026-01-10,121.98811527368946,0.1213812092275517,Iowa
20,2026-01-10,179.46713645092166,0.2030171226820381,Kansas
21,2026-01-10,222.8199554684497,0.16640773373297216,Kentucky
22,2026-01-10,522.4128974286372,0.3769212824160441,Louisiana
23,2026-01-10,222.1359480070525,0.5048544272887556,Maine
24,2026-01-10,856.552161453837,0.7441808526966438,Maryland
25,2026-01-10,1186.8172667053839,0.6223478063478678,Massachusetts
26,2026-01-10,1062.994319290893,0.4809929046565126,Michigan
27,2026-01-10,1241.0074591895357,0.7475948549334552,Minnesota
28,2026-01-10,108.42308449062979,0.18597441593590017,Mississippi
29,2026-01-10,319.77167346050464,0.16517131893621106,Missouri
30,2026-01-10,109.56906105449508,0.31485362371981346,Montana
31,2026-01-10,77.4892315396203,0.13739225450287287,Nebraska
32,2026-01-10,174.35866910066176,0.32288642426048475,Nevada
33,2026-01-10,173.56486369676148,0.3184676398105715,New Hampshire
34,2026-01-10,1989.910975054153,0.7779167220696453,New Jersey
35,2026-01-10,365.82235068972045,0.5742894045364528,New Mexico
36,2026-01-10,4492.7852034739235,0.9512566596387727,New York
37,2026-01-10,2677.611639106128,0.883700210926115,North Carolina
38,2026-01-10,117.61983809759457,0.35642375181089264,North Dakota
39,2026-01-10,1808.831894179029,0.5068175663152225,Ohio
40,2026-01-10,63.40734882183834,0.08545464800786838,Oklahoma
41,2026-01-10,216.68719839578404,0.2063687603769372,Oregon
42,2026-01-10,3073.5844215153284,0.48152662094866494,Pennsylvania
44,2026-01-10,354.6639990897575,1.0650570543235962,Rhode Island
45,2026-01-10,956.6778006206279,0.7034395592798734,South Carolina
46,2026-01-10,29.64279367610651,0.10978812472632041,South Dakota
47,2026-01-10,812.6546739345599,0.534993202063568,Tennessee
48,2026-01-10,1118.04644648739,0.19484950269909204,Texas
49,2026-01-10,296.1329542388039,0.7440526488412158,Utah
50,2026-01-10,22.905619681484268,0.1671943042444107,Vermont
51,2026-01-10,994.7632660838361,0.4620358876376387,Virginia
53,2026-01-10,57.21094091139733,0.057153787124273055,Washington
54,2026-01-10,124.93033237878944,0.16078549855700058,West Virginia
55,2026-01-10,1125.58723113281,0.6246322037362986,Wisconsin
56,2026-01-10,42.60695032248725,0.38733591202261136,Wyoming
72,2026-01-10,115.10930743672617,0.11430914343269728,72
US,2026-01-10,33437.16873563782,0.40649633144459213,United States
01,2026-01-17,93.42995795916634,0.08707358616884095,Alabama
02,2026-01-17,17.44757823110274,0.16155165028798832,Alaska
04,2026-01-17,116.87082521641261,0.12276347186597963,Arizona
05,2026-01-17,59.75844245315436,0.08174889528475289,Arkansas
06,2026-01-17,593.1187241141974,0.0879606590707693,California
08,2026-01-17,433.72547043504255,0.607458642065886,Colorado
09,2026-01-17,638.6220164427093,1.2901454877630492,Connecticut
10,2026-01-17,113.3211221097559,0.31478089474932197,Delaware
11,2026-01-17,57.51843983815336,0.5325781466495682,District of Columbia
12,2026-01-17,771.5297593346074,0.11299498525697238,Florida
13,2026-01-17,505.7747022449504,0.3625625105698569,Georgia
15,2026-01-17,65.70325215533953,0.42943302062313415,Hawaii
16,2026-01-17,65.0180804088894,0.15298371860915153,Idaho
17,2026-01-17,817.160902232465,0.3280453240596006,Illinois
18,2026-01-17,389.6998162663989,0.2815750117531784,Indiana
19,2026-01-17,41.58975139420116,0.043503924052511675,Iowa
20,2026-01-17,30.13928378990353,0.03605177486830566,Kansas
21,2026-01-17,112.11679277782426,0.09656915829269962,Kentucky
22,2026-01-17,139.33193202441615,0.10936572372403151,Louisiana
23,2026-01-17,126.08669263193735,0.3752580137855278,Maine
24,2026-01-17,636.8203487406806,0.9737314200927838,Maryland
25,2026-01-17,922.2356835724597,0.8204943804025442,Massachusetts
26,2026-01-17,682.7630230295059,0.43158218901991524,Michigan
27,2026-01-17,676.4534966645027,0.5944231077895454,Minnesota
28,2026-01-17,51.44257086625707,0.08733882999364528,Mississippi
29,2026-01-17,81.39222109998974,0.04241387238144333,Missouri
30,2026-01-17,50.845944503740625,0.16454998221275283,Montana
31,2026-01-17,19.094993635770656,0.0352306155641525,Nebraska
32,2026-01-17,36.66999285495101,0.08240447832573261,Nevada
33,2026-01-17,202.50153736152814,0.530108736548503,New Hampshire
34,2026-01-17,1391.245749838876,0.8964212305662861,New Jersey
35,2026-01-17,121.49645573711894,0.21851880528258802,New Mexico
36,2026-01-17,2510.648765723768,0.9535316238981268,New York
37,2026-01-17,1327.2851194076827,0.6646395189823149,North Carolina
38,2026-01-17,58.990804143489406,0.21929666967839928,North Dakota
39,2026-01-17,1097.7509376855733,0.40567292597397386,Ohio
40,2026-01-17,146.85777406567254,0.17566719385845997,Oklahoma
41,2026-01-17,484.3576747874789,0.33335008588264203,Oregon
42,2026-01-17,885.4739392859276,0.17780601190480474,Pennsylvania
44,2026-01-17,172.97529198594106,0.873612585787581,Rhode Island
45,2026-01-17,425.93456209608655,0.4033471231970517,South Carolina
46,2026-01-17,19.707293521527852,0.07493267498679791,South Dakota
47,2026-01-17,271.2324685028009,0.20579094727071387,Tennessee
48,2026-01-17,318.95006982691785,0.060167906022810386,Texas
49,2026-01-17,116.68666810016849,0.3546707237087188,Utah
50,2026-01-17,14.008649930882491,0.11577396637092968,Vermont
51,2026-01-17,754.0061457385241,0.48025869155320006,Virginia
53,2026-01-17,72.74485938892738,0.06773264375132904,Washington
54,2026-01-17,42.12098301442204,0.057858493151678625,West Virginia
55,2026-01-17,647.8696937938671,0.47497778137380287,Wisconsin
56,2026-01-17,44.21203328196215,0.5894937770928287,Wyoming
72,2026-01-17,124.21615872562127,0.14648131925191188,72
US,2026-01-17,15352.805099595498,0.22430864343042586,United States
01,2026-01-24,226.04259300736436,0.1733455467847886,Alabama
02,2026-01-24,14.417582299138346,0.16961861528398053,Alaska
04,2026-01-24,233.1378700619434,0.1907838543878424,Arizona
05,2026-01-24,208.52786805387836,0.24163136506822522,Arkansas
06,2026-01-24,938.7699845756556,0.125202718668399,California
08,2026-01-24,180.09512836137822,0.31485162300940245,Colorado
09,2026-01-24,256.76632434535395,0.8946561823879928,Connecticut
10,2026-01-24,108.67416876152511,0.39662105387417923,Delaware
11,2026-01-24,30.18218507346903,0.450480374230881,District of Columbia
12,2026-01-24,795.8561300512931,0.10577566853419632,Florida
13,2026-01-24,147.41887824710582,0.0990052909651483,Georgia
15,2026-01-24,28.18128795171079,0.22366101548976816,Hawaii
16,2026-01-24,21.909868391098875,0.052042442734201604,Idaho
17,2026-01-24,188.89035953664398,0.08223350436945755,Illinois
18,2026-01-24,80.26099516563201,0.06285120999657949,Indiana
19,2026-01-24,27.90100384447723,0.030426394595940272,Iowa
20,2026-01-24,53.29537641065589,0.0616131519198334,Kansas
21,2026-01-24,74.25298325928546,0.07038197465335115,Kentucky
22,2026-01-24,104.9019632256603,0.07476975283368517,Louisiana
23,2026-01-24,62.44415019201846,0.23563830261139043,Maine
24,2026-01-24,209.31082072955098,0.46513515717677995,Maryland
25,2026-01-24,386.31254932762255,0.5590630236289762,Massachusetts
26,2026-01-24,178.45804642602369,0.1340781716198525,Michigan
27,2026-01-24,242.5746038982241,0.2628110551443381,Minnesota
28,2026-01-24,92.6206150644902,0.13423277545578288,Mississippi
29,2026-01-24,358.80847410973,0.18158323588549088,Missouri
30,2026-01-24,17.513243400962875,0.05490044953279898,Montana
31,2026-01-24,80.90196376878275,0.14218271312615596,Nebraska
32,2026-01-24,30.05235066330281,0.06892740977821746,Nevada
33,2026-01-24,142.15843803411553,0.4936056876184567,New Hampshire
34,2026-01-24,574.8121634376655,0.5263847650528073,New Jersey
35,2026-01-24,50.47795107954441,0.10365082357195977,New Mexico
36,2026-01-24,796.0098773068921,0.4769382128860947,New York
37,2026-01-24,278.0710862892669,0.1712260383554599,North Carolina
38,2026-01-24,105.51508040689289,0.5147077093019166,North Dakota
39,2026-01-24,279.4243804610567,0.11760285372940098,Ohio
40,2026-01-24,226.1396127147583,0.22345811533078883,Oklahoma
41,2026-01-24,479.62711876129754,0.2906831022795743,Oregon
42,2026-01-24,1326.3102709349018,0.3403413576943551,Pennsylvania
44,2026-01-24,63.073884731617234,0.48894484288075374,Rhode Island
45,2026-01-24,68.9912255539412,0.06968810662014263,South Carolina
46,2026-01-24,38.43146871721385,0.16565288240178386,South Dakota
47,2026-01-24,70.82127558446228,0.05340971009386296,Tennessee
48,2026-01-24,387.38698401376575,0.0711977548270108,Texas
49,2026-01-24,25.34852470232604,0.08230040487768195,Utah
50,2026-01-24,6.5556171801890315,0.05853229625168778,Vermont
51,2026-01-24,196.63383544065036,0.14851498145064226,Virginia
53,2026-01-24,167.5130363267731,0.14655558733750926,Washington
54,2026-01-24,108.54986349909336,0.15939774375784635,West Virginia
55,2026-01-24,185.4600421996045,0.15851285658085854,Wisconsin
56,2026-01-24,13.584320617806853,0.17415795663854938,Wyoming
72,2026-01-24,176.91342112453947,0.25714160047171436,72
US,2026-01-24,2803.421898058765,0.04304546344924171,United States
01,2026-01-31,578.6713101887418,0.417210749955834,Alabama
02,2026-01-31,10.741993913034552,0.16032826735872466,Alaska
04,2026-01-31,248.7986329648001,0.18055053190478962,Arizona
05,2026-01-31,151.5577340895847,0.17440475729526433,Arkansas
06,2026-01-31,846.2546607492544,0.11374390601468473,California
08,2026-01-31,43.613884460400214,0.08585410326850436,Colorado
09,2026-01-31,98.23307528970183,0.4839067748261174,Connecticut
10,2026-01-31,68.65933770842346,0.3092762959838895,Delaware
11,2026-01-31,20.938785407062333,0.5107020830990813,District of Columbia
12,2026-01-31,1851.344443716915,0.2308985337636462,Florida
13,2026-01-31,190.1269086448117,0.1241847868352787,Georgia
15,2026-01-31,18.578102989036683,0.18394161375283843,Hawaii
16,2026-01-31,46.34975396896529,0.10462698412858981,Idaho
17,2026-01-31,109.56649447894802,0.049309853500876695,Illinois
18,2026-01-31,160.17089034565595,0.1213415835951939,Indiana
19,2026-01-31,30.495278594430488,0.034851746965063414,Iowa
20,2026-01-31,62.330068465947974,0.07402620957951066,Kansas
21,2026-01-31,68.49250360186159,0.06748029911513456,Kentucky
22,2026-01-31,99.4384807824303,0.07047376384296974,Louisiana
23,2026-01-31,17.280454622375927,0.07111298198508612,Maine
24,2026-01-31,84.73751860449894,0.2414174319216494,Maryland
25,2026-01-31,182.12168100787034,0.3449274261512696,Massachusetts
26,2026-01-31,98.73174401646423,0.07842076570013044,Michigan
27,2026-01-31,211.69605540831387,0.26796969039027074,Minnesota
28,2026-01-31,179.97498640175803,0.22440771371790277,Mississippi
29,2026-01-31,234.92319712505457,0.11967559710904462,Missouri
30,2026-01-31,45.94927197510286,0.14918594797111318,Montana
31,2026-01-31,23.083739628768768,0.040856176334104016,Nebraska
32,2026-01-31,79.86079780997062,0.18615570585074737,Nevada
33,2026-01-31,32.38927687376017,0.1439523416611563,New Hampshire
34,2026-01-31,232.47466885362473,0.2515959619627973,New Jersey
35,2026-01-31,52.3794715260651,0.11823808470895057,New Mexico
36,2026-01-31,330.2201084280766,0.2536252752903814,New York
37,2026-01-31,191.66050869790888,0.13641317345046897,North Carolina
38,2026-01-31,136.15360716483926,0.8784103688054146,North Dakota
39,2026-01-31,161.03014284717733,0.06955945695342433,Ohio
40,2026-01-31,214.80474868997794,0.1952770442636163,Oklahoma
41,2026-01-31,538.8629976906819,0.31438914684403846,Oregon
42,2026-01-31,447.95527429927347,0.13025742201200158,Pennsylvania
44,2026-01-31,40.66188083377972,0.4568750655480867,Rhode Island
45,2026-01-31,60.535803403948364,0.060114998415043065,South Carolina
46,2026-01-31,28.485305225797923,0.12947866011726328,South Dakota
47,2026-01-31,132.86337413139037,0.09952312669018006,Tennessee
48,2026-01-31,368.8673998884314,0.07234112568904323,Texas
49,2026-01-31,77.64109661647501,0.26230100208268586,Utah
50,2026-01-31,8.826333024189232,0.08326729268103049,Vermont
51,2026-01-31,146.25617981953195,0.12619169958544604,Virginia
53,2026-01-31,77.71978091566164,0.06835512833391526,Washington
54,2026-01-31,51.5219077735663,0.08025219279371698,West Virginia
55,2026-01-31,96.0792149841501,0.09047007060654434,Wisconsin
56,2026-01-31,11.286709088023056,0.1546124532605898,Wyoming
72,2026-01-31,88.44402455296257,0.13544261034144345,72
US,2026-01-31,3671.6299615690987,0.05824378498340866,United States
01,2026-02-07,169.5722264060269,0.12994040337626583,Alabama
02,2026-02-07,22.2070051769061,0.5047046631115023,Alaska
04,2026-02-07,143.90155357020396,0.10286029561844458,Arizona
05,2026-02-07,74.64274270432581,0.0950862964386316,Arkansas
06,2026-02-07,650.7486273634712,0.0915902360821212,California
08,2026-02-07,55.14797702974647,0.11561420760953138,Colorado
09,2026-02-07,61.54303850432419,0.38706313524732194,Connecticut
10,2026-02-07,38.55928893046305,0.2051026006939524,Delaware
11,2026-02-07,10.313934042632521,0.3327075497623394,District of Columbia
12,2026-02-07,967.1240852069757,0.12490302017396043,Florida
13,2026-02-07,130.95822443398544,0.09100641030853748,Georgia
15,2026-02-07,12.18954438407954,0.14511362361999453,Hawaii
16,2026-02-07,38.0159093894544,0.08485694060146072,Idaho
17,2026-02-07,143.65748821867794,0.07101210490295498,Illinois
18,2026-02-07,84.65034036301154,0.06628844194440997,Indiana
19,2026-02-07,66.70125548131766,0.08651265302375831,Iowa
20,2026-02-07,49.912391557021934,0.06584748226520044,Kansas
21,2026-02-07,60.840011932073594,0.06605864487738718,Kentucky
22,2026-02-07,147.27401449394318,0.11259481230423792,Louisiana
23,2026-02-07,20.464938160405076,0.09430847078527685,Maine
24,2026-02-07,66.60031316138308,0.24130548246877928,Maryland
25,2026-02-07,161.42110632798068,0.42817269583018747,Massachusetts
26,2026-02-07,94.18027858220262,0.07726027775406286,Michigan
27,2026-02-07,62.35144708233105,0.0872048210941693,Minnesota
28,2026-02-07,163.2560709830484,0.19885026916327456,Mississippi
29,2026-02-07,204.6279521939286,0.11175748344834986,Missouri
30,2026-02-07,29.563565765484306,0.10711436871552285,Montana
31,2026-02-07,37.36373548720819,0.07185333747540036,Nebraska
32,2026-02-07,36.12960979471125,0.09458013035264726,Nevada
33,2026-02-07,25.450607989019424,0.12235869225490108,New Hampshire
34,2026-02-07,137.56938678429074,0.16261156830294413,New Jersey
35,2026-02-07,52.33006137773942,0.12113440133735977,New Mexico
36,2026-02-07,165.72450158268026,0.13753070670761847,New York
37,2026-02-07,177.91967077851723,0.1476511790693089,North Carolina
38,2026-02-07,51.2464661256051,0.4575577332643313,North Dakota
39,2026-02-07,163.52706872684956,0.07342930791506491,Ohio
40,2026-02-07,174.7981888723068,0.1674312153949299,Oklahoma
41,2026-02-07,263.06244276682526,0.17786507286465533,Oregon
42,2026-02-07,301.5643218209644,0.0941211990702136,Pennsylvania
44,2026-02-07,16.308553860211294,0.19888480317330848,Rhode Island
45,2026-02-07,59.58625262600131,0.06400241957680054,South Carolina
46,2026-02-07,13.819508653557268,0.06643994544979456,South Dakota
47,2026-02-07,102.31373852624216,0.08455680869937368,Tennessee
48,2026-02-07,357.7625369683396,0.07854281821478366,Texas
49,2026-02-07,24.628930235032826,0.09021586166678691,Utah
50,2026-02-07,9.067739629345068,0.09750257665962439,Vermont
51,2026-02-07,183.1549784462256,0.1855673540488608,Virginia
53,2026-02-07,85.5142308675793,0.08310420881203041,Washington
54,2026-02-07,112.2278897066351,0.20148633699575422,West Virginia
55,2026-02-07,61.378949310846735,0.06137894931084673,Wisconsin
56,2026-02-07,15.916564903166346,0.20405852439956854,Wyoming
72,2026-02-07,81.88851675596615,0.14291189660727077,72
US,2026-02-07,3403.841833931323,0.05823809321147917,United States
01,2026-02-14,204.28536180572127,0.18656197425180024,Alabama
02,2026-02-14,7.346420611364506,0.16696410480373877,Alaska
04,2026-02-14,110.60893536697193,0.08574336074959064,Arizona
05,2026-02-14,90.12305576411423,0.13272909538161154,Arkansas
06,2026-02-14,771.3495445449737,0.12845121474520793,California
08,2026-02-14,40.55280455049697,0.08739828566917451,Colorado
09,2026-02-14,36.60829308344776,0.2614878077389126,Connecticut
10,2026-02-14,16.02705670320585,0.09539914704289197,Delaware
11,2026-02-14,7.032757920256355,0.2131138763714047,District of Columbia
12,2026-02-14,932.7731896065716,0.13603225748965606,Florida
13,2026-02-14,131.66354085224813,0.10112407131509073,Georgia
15,2026-02-14,10.749840429487126,0.15356914899267324,Hawaii
16,2026-02-14,30.680391485702884,0.07501318211663296,Idaho
17,2026-02-14,156.86229405304545,0.08379396049842171,Illinois
18,2026-02-14,89.54551040130647,0.07370000856074607,Indiana
19,2026-02-14,99.38418216662517,0.16107647028626446,Iowa
20,2026-02-14,71.51805594458044,0.11174696241340694,Kansas
21,2026-02-14,61.49623427003263,0.06817764331489205,Kentucky
22,2026-02-14,140.64410964921302,0.12041447743939471,Louisiana
23,2026-02-14,22.81138960875053,0.1239749435258181,Maine
24,2026-02-14,51.859974759151,0.22162382375705555,Maryland
25,2026-02-14,65.85322669337788,0.19541016822960794,Massachusetts
26,2026-02-14,101.14525556505197,0.08696926531818742,Michigan
27,2026-02-14,52.326665825278454,0.07594581396992518,Minnesota
28,2026-02-14,64.62957701414989,0.08548885848432525,Mississippi
29,2026-02-14,234.70170396899775,0.14892240099555695,Missouri
30,2026-02-14,28.77439900187317,0.12510608261683986,Montana
31,2026-02-14,65.61199881710328,0.15048623581904422,Nebraska
32,2026-02-14,37.12031641631822,0.10982342135005389,Nevada
33,2026-02-14,19.71089309892352,0.10830161043364572,New Hampshire
34,2026-02-14,83.91872496848538,0.10271569763584501,New Jersey
35,2026-02-14,98.60688905629054,0.2952302067553609,New Mexico
36,2026-02-14,136.5671589747875,0.11702412936999786,New York
37,2026-02-14,177.0176949060915,0.17286884268172997,North Carolina
38,2026-02-14,23.564077064355978,0.24292862952944308,North Dakota
39,2026-02-14,155.1036133384132,0.07141050337864328,Ohio
40,2026-02-14,147.20242381923347,0.15726754681542038,Oklahoma
41,2026-02-14,253.20516769656038,0.24046074804991488,Oregon
42,2026-02-14,191.9613289179175,0.05970803387804588,Pennsylvania
44,2026-02-14,13.0670750792777,0.17422766772370266,Rhode Island
45,2026-02-14,91.59757258351706,0.11864970541906356,South Carolina
46,2026-02-14,11.54473267945652,0.06044362659401319,South Dakota
47,2026-02-14,88.82059338863209,0.0814120929318351,Tennessee
48,2026-02-14,537.8023096187096,0.1383948300614281,Texas
49,2026-02-14,68.75645407236104,0.34207191080776633,Utah
50,2026-02-14,13.0588844644418,0.17182742716370789,Vermont
51,2026-02-14,80.69958902541478,0.09016713857588243,Virginia
53,2026-02-14,256.16503765812615,0.3003107123776391,Washington
54,2026-02-14,39.4804518797913,0.0781791126332501,West Virginia
55,2026-02-14,78.99630279649404,0.08956496915702272,Wisconsin
56,2026-02-14,11.699955769461273,0.17462620551434735,Wyoming
72,2026-02-14,62.11696776096562,0.12132220265813598,72
US,2026-02-14,3963.052809699744,0.07632410464717171,United States
01,2026-02-21,315.5987568231782,0.4136287769635363,Alabama
02,2026-02-21,6.705256434095498,0.15964896271655946,Alaska
04,2026-02-21,215.39997204266277,0.20112042207531539,Arizona
05,2026-02-21,93.63660345290981,0.19386460342217351,Arkansas
06,2026-02-21,836.143332722588,0.18478305695526806,California
08,2026-02-21,40.22748158345989,0.09019614704811635,Colorado
09,2026-02-21,25.745134973026722,0.1787856595349078,Connecticut
10,2026-02-21,19.61338084685978,0.12413532181556823,Delaware
11,2026-02-21,6.759102935737371,0.21122196674179283,District of Columbia
12,2026-02-21,1645.5547677931097,0.3217744950710031,Florida
13,2026-02-21,269.6598567843572,0.2667258721902643,Georgia
15,2026-02-21,9.604377193234491,0.14552086656415897,Hawaii
16,2026-02-21,32.483379887262274,0.08827005404147358,Idaho
17,2026-02-21,262.87610172773213,0.16905215545191776,Illinois
18,2026-02-21,99.00374593826066,0.08354746492680225,Indiana
19,2026-02-21,132.51472704111194,0.26137027029805115,Iowa
20,2026-02-21,108.57295399013601,0.22432428510358682,Kansas
21,2026-02-21,73.85896943143939,0.08206552159048822,Kentucky
22,2026-02-21,133.43896898522843,0.15129134805581454,Louisiana
23,2026-02-21,18.087117439820602,0.10830609245401558,Maine
24,2026-02-21,45.73396256328883,0.2209370172139557,Maryland
25,2026-02-21,60.409408716025496,0.1948690603742758,Massachusetts
26,2026-02-21,100.40736574801738,0.09152904808388093,Michigan
27,2026-02-21,75.32356901756563,0.12168589502029989,Minnesota
28,2026-02-21,101.05693049975741,0.16485633034218175,Mississippi
29,2026-02-21,154.41585717569754,0.12688238058808343,Missouri
30,2026-02-21,26.633381166303955,0.1409173606682749,Montana
31,2026-02-21,106.39008365531048,0.314763561110386,Nebraska
32,2026-02-21,73.91851867122867,0.27479003223505083,Nevada
33,2026-02-21,20.26306391504362,0.1416997476576477,New Hampshire
34,2026-02-21,86.84215349262567,0.10923541319827128,New Jersey
35,2026-02-21,125.8412573505871,0.3969755752384451,New Mexico
36,2026-02-21,157.672102988439,0.1349932388599649,New York
37,2026-02-21,128.9703800209104,0.1439401562733375,North Carolina
38,2026-02-21,13.318278117966653,0.14964357435917588,North Dakota
39,2026-02-21,182.2020389202525,0.0884046768172016,Ohio
40,2026-02-21,94.85031299598504,0.13396936863839695,Oklahoma
41,2026-02-21,232.6647531682704,0.3081652359844641,Oregon
42,2026-02-21,183.98286659814227,0.05538316273273398,Pennsylvania
44,2026-02-21,10.562619964539486,0.14083493286052648,Rhode Island
45,2026-02-21,152.95812719559854,0.2507510281895058,South Carolina
46,2026-02-21,18.43315147474297,0.11239726508989617,South Dakota
47,2026-02-21,139.7609546445232,0.14805185873360507,Tennessee
48,2026-02-21,681.8186076912509,0.22925978738777772,Texas
49,2026-02-21,58.1477486972927,0.39827225135131983,Utah
50,2026-02-21,6.901696594303877,0.10955073959212502,Vermont
51,2026-02-21,95.25152001650946,0.11876748131734347,Virginia
53,2026-02-21,156.01344175304928,0.23320394880874332,Washington
54,2026-02-21,34.324463296944145,0.0704814441415691,West Virginia
55,2026-02-21,95.75191825329037,0.12403098219338131,Wisconsin
56,2026-02-21,23.06656631150648,0.4707462512552343,Wyoming
72,2026-02-21,52.52640920834837,0.1054747172858401,72
US,2026-02-21,5403.926747132683,0.12485679044228837,United States
01,2026-02-28,230.01523319749725,0.471342690978478,Alabama
02,2026-02-28,6.911064501493415,0.157069647761214,Alaska
04,2026-02-28,177.24203442678765,0.20778667576411214,Arizona
05,2026-02-28,115.0329585951886,0.323126288188732,Arkansas
06,2026-02-28,718.705798239327,0.1963677044369746,California
08,2026-02-28,38.563840166768315,0.09095245322351017,Colorado
09,2026-02-28,24.949946195335386,0.17447514821912857,Connecticut
10,2026-02-28,13.426891855435866,0.10095407410102154,Delaware
11,2026-02-28,7.9915015527637685,0.30736544433706803,District of Columbia
12,2026-02-28,1424.0049345131474,0.39699050307029476,Florida
13,2026-02-28,263.10087903072383,0.3614023063608844,Georgia
15,2026-02-28,9.291526279219752,0.13273608970313933,Hawaii
16,2026-02-28,53.28844073843623,0.1782222098275459,Idaho
17,2026-02-28,356.119417758138,0.30673507128177263,Illinois
18,2026-02-28,87.45588432445135,0.0865043366216136,Indiana
19,2026-02-28,109.25023606994884,0.29055913848390647,Iowa
20,2026-02-28,150.7248362609369,0.4446160361679555,Kansas
21,2026-02-28,73.40863814170123,0.09423445204326217,Kentucky
22,2026-02-28,280.07332267362153,0.43898639917495536,Louisiana
23,2026-02-28,26.240955708696156,0.195828027676837,Maine
24,2026-02-28,44.135802732311376,0.23352276577942527,Maryland
25,2026-02-28,65.72957751961414,0.25575711097126125,Massachusetts
26,2026-02-28,145.40073907451483,0.1578726808626654,Michigan
27,2026-02-28,86.50102613279009,0.16108198534970222,Minnesota
28,2026-02-28,144.0517275856016,0.3201149501902258,Mississippi
29,2026-02-28,141.8885698880064,0.15765396654222932,Missouri
30,2026-02-28,14.983282218125947,0.08813695422427027,Montana
31,2026-02-28,102.78212253548668,0.4318576577121289,Nebraska
32,2026-02-28,27.207875462598707,0.11985848221409122,Nevada
33,2026-02-28,33.37526048932292,0.29021965642889497,New Hampshire
34,2026-02-28,101.29179507376705,0.13971282079140282,New Jersey
35,2026-02-28,38.17077188254153,0.14085155676214586,New Mexico
36,2026-02-28,140.37065474793508,0.1281923787652375,New York
37,2026-02-28,199.14204486963501,0.294153685184099,North Carolina
38,2026-02-28,9.07231380067179,0.09969575605133835,North Dakota
39,2026-02-28,359.58777249983,0.21727357854974622,Ohio
40,2026-02-28,155.32228721240557,0.29812339196239074,Oklahoma
41,2026-02-28,146.65221660472943,0.29626710425197866,Oregon
42,2026-02-28,206.15024657279395,0.06382360575009101,Pennsylvania
44,2026-02-28,10.046476476142004,0.15456117655603083,Rhode Island
45,2026-02-28,235.93849588983625,0.5825641873823117,South Carolina
46,2026-02-28,25.753441292052347,0.1893635389121496,South Dakota
47,2026-02-28,170.6720883314028,0.22222928168151404,Tennessee
48,2026-02-28,510.9076655372,0.2175000704713495,Texas
49,2026-02-28,49.12952414042426,0.377919416464802,Utah
50,2026-02-28,8.372176259739327,0.1781314097816878,Vermont
51,2026-02-28,187.54242830759796,0.3089661092382174,Virginia
53,2026-02-28,151.65158804227707,0.2927636834792994,Washington
54,2026-02-28,64.76388014084114,0.15873500034519886,West Virginia
55,2026-02-28,102.66048325805124,0.15673356222603244,Wisconsin
56,2026-02-28,6.999384020435478,0.142844571845622,Wyoming
72,2026-02-28,94.43840508670974,0.2000813667091308,72
US,2026-02-28,6598.066441295774,0.19048635721738477,United States
01,2026-03-07,128.73988830035785,0.36470223314548966,Alabama
02,2026-03-07,10.99108610858884,0.22898096059560083,Alaska
04,2026-03-07,143.38024955743333,0.20659978322396733,Arizona
05,2026-03-07,77.08217773569652,0.29420678525075006,Arkansas
06,2026-03-07,740.4529326989,0.2671186625897908,California
08,2026-03-07,67.26599642369426,0.19784116595204196,Colorado
09,2026-03-07,27.707705684717524,0.19108762541184499,Connecticut
10,2026-03-07,26.60937305504011,0.2743234335571145,Delaware
11,2026-03-07,9.844963404134077,0.46880778114924176,District of Columbia
12,2026-03-07,748.992442346605,0.2862026909998491,Florida
13,2026-03-07,178.38850134192046,0.3340608639361806,Georgia
15,2026-03-07,13.272671100045557,0.20738548593821182,Hawaii
16,2026-03-07,45.64222551391749,0.19017593964132287,Idaho
17,2026-03-07,210.13143295774788,0.23116769302282494,Illinois
18,2026-03-07,174.75872570200187,0.2249147048931813,Indiana
19,2026-03-07,64.26054969791134,0.22547561297512753,Iowa
20,2026-03-07,98.63695695418501,0.4364467121866593,Kansas
21,2026-03-07,97.031184817883,0.1497394827436466,Kentucky
22,2026-03-07,131.2363726556459,0.28467759795150954,Louisiana
23,2026-03-07,24.29616195722147,0.2405560589823908,Maine
24,2026-03-07,38.23928610280062,0.23899553814250388,Maryland
25,2026-03-07,66.15628855999134,0.30208350940635315,Massachusetts
26,2026-03-07,157.68351940314164,0.21749450952157467,Michigan
27,2026-03-07,78.6769628280599,0.18003881654018283,Minnesota
28,2026-03-07,103.07357099850874,0.31234415454093556,Mississippi
29,2026-03-07,217.42619626257934,0.3324559575880418,Missouri
30,2026-03-07,21.84037438018236,0.16059098808957617,Montana
31,2026-03-07,54.05869147747957,0.3161326986987109,Nebraska
32,2026-03-07,27.160032177012646,0.13313741263241494,Nevada
33,2026-03-07,14.047853380192112,0.14334544265502155,New Hampshire
34,2026-03-07,138.20311759700405,0.2433153478820494,New Jersey
35,2026-03-07,52.66927764715119,0.2772067244586905,New Mexico
36,2026-03-07,135.99861619095697,0.14006036682899792,New York
37,2026-03-07,185.94852334026027,0.3818244832448876,North Carolina
38,2026-03-07,10.588056483519313,0.12031882367635584,North Dakota
39,2026-03-07,357.8260315301587,0.29993799792972226,Ohio
40,2026-03-07,100.67899212688455,0.2788891748667162,Oklahoma
41,2026-03-07,124.01512508761239,0.38514014002364094,Oregon
42,2026-03-07,300.78830652446055,0.10738604302908267,Pennsylvania
44,2026-03-07,13.767951942616008,0.2597726781625662,Rhode Island
45,2026-03-07,177.87370975548052,0.7537021599808497,South Carolina
46,2026-03-07,32.45832872262352,0.3245832872262352,South Dakota
47,2026-03-07,141.02272916196938,0.2346468039300655,Tennessee
48,2026-03-07,390.6845925699164,0.2145439827402067,Texas
49,2026-03-07,35.588909616543,0.3746201012267684,Utah
50,2026-03-07,6.558228366860076,0.14905064470136536,Vermont
51,2026-03-07,154.65858683488818,0.3596711321741586,Virginia
53,2026-03-07,146.26896966748575,0.38901321720076,Washington
54,2026-03-07,90.8042505805594,0.3036931457543793,West Virginia
55,2026-03-07,96.92795683276236,0.17623264878684067,Wisconsin
56,2026-03-07,10.014260666583109,0.2635331754363976,Wyoming
72,2026-03-07,51.29305422122766,0.12271065603164513,72
US,2026-03-07,5606.33554584121,0.20930877527874592,United States
01,2026-03-14,100.94302685939664,0.42413036495544804,Alabama
02,2026-03-14,7.126843382701988,0.1827395739154356,Alaska
04,2026-03-14,142.9594609835583,0.26922685684285935,Arizona
05,2026-03-14,75.38720793007575,0.4259164289834788,Arkansas
06,2026-03-14,542.5723815096264,0.2575094359324283,California
08,2026-03-14,68.13270202356601,0.24775528008569458,Colorado
09,2026-03-14,25.57376759338267,0.17883753561806062,Connecticut
10,2026-03-14,27.698134668846986,0.3794265023129724,Delaware
11,2026-03-14,16.18036013350894,1.6180360133508942,District of Columbia
12,2026-03-14,734.0715418627401,0.41332857086866,Florida
13,2026-03-14,142.1711500562203,0.37315262481947586,Georgia
15,2026-03-14,16.28070339780122,0.3391813207875254,Hawaii
16,2026-03-14,29.045546273084582,0.14669467814689183,Idaho
17,2026-03-14,317.69037504790674,0.5034712758286953,Illinois
18,2026-03-14,231.5138282910895,0.42479601521300825,Indiana
19,2026-03-14,54.50939978974153,0.23907631486728742,Iowa
20,2026-03-14,83.66426892128982,0.6062628182702161,Kansas
21,2026-03-14,164.13511888850525,0.35837362202730405,Kentucky
22,2026-03-14,135.8438625074632,0.4513085133138312,Louisiana
23,2026-03-14,20.17538445401513,0.2726403304596639,Maine
24,2026-03-14,51.03315096729088,0.4183045161253351,Maryland
25,2026-03-14,64.10881765187571,0.3663361008678612,Massachusetts
26,2026-03-14,163.2570960886553,0.2936278706630491,Michigan
27,2026-03-14,128.66105600456922,0.4110576869155566,Minnesota
28,2026-03-14,122.42437640036368,0.5747623305181394,Mississippi
29,2026-03-14,162.3483820242618,0.3623847813041558,Missouri
30,2026-03-14,23.423947068624923,0.20914238454129394,Montana
31,2026-03-14,36.677572205419594,0.2887997811450362,Nebraska
32,2026-03-14,22.450102583901,0.12612417181966853,Nevada
33,2026-03-14,14.639491237584721,0.182993640469809,New Hampshire
34,2026-03-14,126.69821406255207,0.27543090013598276,New Jersey
35,2026-03-14,44.259709023188734,0.33277976709164464,New Mexico
36,2026-03-14,132.14760595614047,0.1422471538817443,New York
37,2026-03-14,163.6305086419589,0.5097523633705885,North Carolina
38,2026-03-14,13.708950228005882,0.19308380602825187,North Dakota
39,2026-03-14,432.06056636118876,0.5618472904566824,Ohio
40,2026-03-14,89.20460226474235,0.35539682177188187,Oklahoma
41,2026-03-14,72.34167839577002,0.38479616167962777,Oregon
42,2026-03-14,479.5249372374475,0.19701106706550842,Pennsylvania
44,2026-03-14,8.202706232873272,0.15774435063217832,Rhode Island
45,2026-03-14,152.1332611557633,0.9943350402337471,South Carolina
46,2026-03-14,28.848791051775038,0.4063210007292259,South Dakota
47,2026-03-14,135.98336511887473,0.2924373443416661,Tennessee
48,2026-03-14,402.85333613665915,0.3159634008914974,Texas
49,2026-03-14,25.699778235359826,0.3253136485488586,Utah
50,2026-03-14,9.363790649556057,0.26010529582100156,Vermont
51,2026-03-14,162.93617155287706,0.6034673020476928,Virginia
53,2026-03-14,130.3113146028652,0.47733082272111793,Washington
54,2026-03-14,80.17020621318878,0.3728846800613432,West Virginia
55,2026-03-14,90.96757542477229,0.19992873719730175,Wisconsin
56,2026-03-14,7.60446426735475,0.20011748071986185,Wyoming
72,2026-03-14,61.0790734532447,0.1388160760301016,72
US,2026-03-14,5679.689671535578,0.2827404257036827,United States
01,2026-03-21,61.07655783009841,0.36793107126565305,Alabama
02,2026-03-21,5.0916740807289305,0.14143539113135917,Alaska
04,2026-03-21,141.25541186429317,0.3513816215529681,Arizona
05,2026-03-21,67.49704776230159,0.6249726644657555,Arkansas
06,2026-03-21,348.4280554966759,0.20556227462930732,California
08,2026-03-21,92.96483305600388,0.4892885950315994,Colorado
09,2026-03-21,30.886378416097628,0.22710572364777667,Connecticut
10,2026-03-21,39.67974719666356,0.9677987121137455,Delaware
11,2026-03-21,8.417562878013701,2.8058542926712335,District of Columbia
12,2026-03-21,474.6145161527734,0.3988357278594734,Florida
13,2026-03-21,106.98682452542886,0.39478533035213603,Georgia
15,2026-03-21,18.227951450576228,0.5523621651689766,Hawaii
16,2026-03-21,31.23064244665393,0.2263090032366227,Idaho
17,2026-03-21,160.44762370020447,0.32946123963081003,Illinois
18,2026-03-21,236.79872425007687,0.7154040007555192,Indiana
19,2026-03-21,105.23971704196362,0.7912760679846889,Iowa
20,2026-03-21,49.58029581112002,0.5698884575990807,Kansas
21,2026-03-21,163.89023396806198,0.5981395400294233,Kentucky
22,2026-03-21,132.31963395070335,0.7191284453842574,Louisiana
23,2026-03-21,28.13695807678399,0.5627391615356798,Maine
24,2026-03-21,58.564779688382146,0.7320597461047769,Maryland
25,2026-03-21,53.201380310858625,0.3093103506445269,Massachusetts
26,2026-03-21,153.89210940478358,0.3744333562160185,Michigan
27,2026-03-21,116.73041661793022,0.5612039260477414,Minnesota
28,2026-03-21,101.45494101055479,0.8051979445282126,Mississippi
29,2026-03-21,186.9122137910391,0.708000809814542,Missouri
30,2026-03-21,43.939970543092144,0.6277138649013163,Montana
31,2026-03-21,47.07908248056444,0.5741351522020053,Nebraska
32,2026-03-21,30.047479511702676,0.20302351021420728,Nevada
33,2026-03-21,13.577803944082564,0.20888929144742407,New Hampshire
34,2026-03-21,154.0180520225158,0.4503451813523854,New Jersey
35,2026-03-21,56.733774746257744,0.7004169721760215,New Mexico
36,2026-03-21,149.90720926212032,0.18104735418130474,New York
37,2026-03-21,147.2372088850368,0.7078711965626769,North Carolina
38,2026-03-21,13.127848233855477,0.2225059022687369,North Dakota
39,2026-03-21,453.04085767748137,1.14984989258244,Ohio
40,2026-03-21,88.61618365766029,0.6284835720401438,Oklahoma
41,2026-03-21,68.40920082966825,0.751749459666684,Oregon
42,2026-03-21,685.4579683229186,0.3630603645778171,Pennsylvania
44,2026-03-21,8.676395285296568,0.15493563009458158,Rhode Island
45,2026-03-21,76.71402169724047,0.8338480619265268,South Carolina
46,2026-03-21,13.489386059806812,0.2211374763902756,South Dakota
47,2026-03-21,90.76383034145707,0.2677399125116728,Tennessee
48,2026-03-21,408.2220965550572,0.42084752222170846,Texas
49,2026-03-21,30.182156314807465,0.457305398709204,Utah
50,2026-03-21,6.244119917466211,0.2312637006468967,Vermont
51,2026-03-21,118.04200682822079,0.6943647460483576,Virginia
53,2026-03-21,69.17476331812217,0.31020073236826085,Washington
54,2026-03-21,48.07604816834933,0.39732271213511844,West Virginia
55,2026-03-21,71.81772251568376,0.19676088360461302,Wisconsin
56,2026-03-21,8.124919913197694,0.22569221981104703,Wyoming
72,2026-03-21,66.70080733397484,0.17460944328265665,72
US,2026-03-21,5127.879804814081,0.35291671058596563,United States
01,2026-03-28,39.85310372999412,0.29741122186562774,Alabama
02,2026-03-28,6.436856616833934,0.22196057299427358,Alaska
04,2026-03-28,88.94202436436288,0.2719939583008039,Arizona
05,2026-03-28,45.747294751129616,0.7038045346327633,Arkansas
06,2026-03-28,412.91772505599084,0.3475738426397229,California
08,2026-03-28,99.65087285397294,0.8818661314510879,Colorado
09,2026-03-28,24.680694345294015,0.17884561119778272,Connecticut
10,2026-03-28,30.270268639127373,1.5931720336382829,Delaware
11,2026-03-28,6.015801730752434,0.8594002472503478,District of Columbia
12,2026-03-28,348.06552097861385,0.4047273499751324,Florida
13,2026-03-28,63.54023367105455,0.3054818926493007,Georgia
15,2026-03-28,25.537357119746606,1.9644120861343544,Hawaii
16,2026-03-28,44.72273225377886,0.4707656026713564,Idaho
17,2026-03-28,125.30137392242679,0.32294168536707935,Illinois
18,2026-03-28,168.283264209513,0.9096392659973676,Indiana
19,2026-03-28,65.00358334846649,0.8025133746724258,Iowa
20,2026-03-28,45.62209341648379,0.9310631309486488,Kansas
21,2026-03-28,75.11799064947236,0.4017004847565367,Kentucky
22,2026-03-28,102.20653966432585,0.9642126383426967,Louisiana
23,2026-03-28,23.308752252447263,0.8632871204610097,Maine
24,2026-03-28,70.6866726335586,2.079019783339959,Maryland
25,2026-03-28,44.993627625243434,0.252773188905862,Massachusetts
26,2026-03-28,142.2833948138261,0.4806871446413044,Michigan
27,2026-03-28,117.7641920044654,1.0065315555937213,Minnesota
28,2026-03-28,53.60653034027904,0.7053490834247242,Mississippi
29,2026-03-28,111.46339049171308,0.6796548200714212,Missouri
30,2026-03-28,26.919787188317336,0.656580175324813,Montana
31,2026-03-28,34.64812873294583,0.7071046680193026,Nebraska
32,2026-03-28,27.163936649837567,0.2263661387486464,Nevada
33,2026-03-28,23.46385543840969,0.49923096677467427,New Hampshire
34,2026-03-28,172.67716911603094,0.8222722338858616,New Jersey
35,2026-03-28,49.42365157577754,1.1232648085403987,New Mexico
36,2026-03-28,160.3824897562202,0.2233739411646521,New York
37,2026-03-28,110.26302408626003,0.816763141379704,North Carolina
38,2026-03-28,18.063157830220337,0.4014035073382297,North Dakota
39,2026-03-28,259.65845366843257,1.5736875979905005,Ohio
40,2026-03-28,59.47957617772266,0.7343157552805267,Oklahoma
41,2026-03-28,34.0195351125744,0.6542218290879693,Oregon
42,2026-03-28,420.72907891254783,0.27752577764679937,Pennsylvania
44,2026-03-28,8.753610131526191,0.15631446663439627,Rhode Island
45,2026-03-28,73.13704816277087,1.7008615851807178,South Carolina
46,2026-03-28,25.05399186358622,0.642410047784262,South Dakota
47,2026-03-28,128.29384295628313,0.5323395973289756,Tennessee
48,2026-03-28,247.7947784770709,0.3649407635892061,Texas
49,2026-03-28,66.85268302739487,3.0387583194270396,Utah
50,2026-03-28,7.243093858062881,0.3017955774192867,Vermont
51,2026-03-28,91.15475509540659,0.9495286989104853,Virginia
53,2026-03-28,59.35782935331005,0.32259689865929375,Washington
54,2026-03-28,23.466964302915436,0.28618249149896874,West Virginia
55,2026-03-28,107.06050768857538,0.41019351604818155,Wisconsin
56,2026-03-28,8.154787884079923,0.2811995822096525,Wyoming
72,2026-03-28,100.60833029791836,0.31838079208202014,72
US,2026-03-28,4217.622653894944,0.4062046281320374,United States
01,2026-04-04,32.37486047452866,0.2767082091840056,Alabama
02,2026-04-04,7.276470063271102,0.2910588025308441,Alaska
04,2026-04-04,102.75612628887458,0.37917389774492466,Arizona
05,2026-04-04,40.32025350097839,0.9834208170970339,Arkansas
06,2026-04-04,228.65947322620946,0.23050350123609825,California
08,2026-04-04,31.854013645071475,0.26994926817857184,Colorado
09,2026-04-04,33.82935794813224,0.29416832998375864,Connecticut
10,2026-04-04,8.693645215780482,0.41398310551335626,Delaware
11,2026-04-04,5.881072837581346,0.6534525375090384,District of Columbia
12,2026-04-04,185.22045385126768,0.2597762326104736,Florida
13,2026-04-04,56.77259056212344,0.3085466878376274,Georgia
15,2026-04-04,7.672195935480863,0.2841554050178097,Hawaii
16,2026-04-04,43.24962805767942,0.7863568737759895,Idaho
17,2026-04-04,69.69957477811883,0.19148234829153524,Illinois
18,2026-04-04,59.95324790649806,0.3996883193766538,Indiana
19,2026-04-04,25.24116209853902,0.36058802997912887,Iowa
20,2026-04-04,19.72439383075116,0.4810827763597844,Kansas
21,2026-04-04,40.82739223245795,0.2634025305319868,Kentucky
22,2026-04-04,34.373197603516346,0.333720365082683,Louisiana
23,2026-04-04,10.939291756781948,0.405158953954887,Maine
24,2026-04-04,27.71434762842709,0.7698429896785304,Maryland
25,2026-04-04,49.19657088135395,0.30941239548021354,Massachusetts
26,2026-04-04,88.83498570423535,0.37802121576270364,Michigan
27,2026-04-04,35.71235098525088,0.3467218542257367,Minnesota
28,2026-04-04,29.473401743732182,0.46052190224581535,Mississippi
29,2026-04-04,61.943998486293154,0.5119338717875467,Missouri
30,2026-04-04,12.407064805315635,0.3877207751661136,Montana
31,2026-04-04,13.02012568487726,0.3027936205785409,Nebraska
32,2026-04-04,27.969966186589012,0.26638063034846676,Nevada
33,2026-04-04,16.03038133670195,0.4580108953343414,New Hampshire
34,2026-04-04,76.52165728713874,0.40063694914732323,New Jersey
35,2026-04-04,18.095033759467633,0.47618509893335875,New Mexico
36,2026-04-04,132.4031803702391,0.21921056352688595,New York
37,2026-04-04,81.48090445156154,0.7834702351111686,North Carolina
38,2026-04-04,9.319456959203503,0.25187721511360817,North Dakota
39,2026-04-04,111.5012856769745,0.7852203216688345,Ohio
40,2026-04-04,48.92240385050974,0.7526523669309191,Oklahoma
41,2026-04-04,36.47190176377521,0.9597868885204002,Oregon
42,2026-04-04,173.33173836747488,0.12372001311026044,Pennsylvania
44,2026-04-04,10.156916334861897,0.20728400683391626,Rhode Island
45,2026-04-04,34.378048783035936,0.8384889947081936,South Carolina
46,2026-04-04,10.48522670816023,0.30838902082824204,South Dakota
47,2026-04-04,61.5213297139712,0.30915241062297083,Tennessee
48,2026-04-04,198.4356663444301,0.3581871233653973,Texas
49,2026-04-04,11.648032682826262,0.43140861788245416,Utah
50,2026-04-04,4.5359373524910875,0.30239582349940586,Vermont
51,2026-04-04,46.567681331946346,0.561056401589715,Virginia
53,2026-04-04,34.40912069664117,0.19662354683794953,Washington
54,2026-04-04,20.084575938114767,0.27141318835290223,West Virginia
55,2026-04-04,60.319668263887024,0.3208492992759948,Wisconsin
56,2026-04-04,7.115791722266303,0.27368429701024244,Wyoming
72,2026-04-04,47.54083259047701,0.14191293310590153,72
US,2026-04-04,2234.0255532142155,0.24950028514789094,United States
01,2026-04-11,30.36675482563244,0.2838014469685275,Alabama
02,2026-04-11,7.1750219390182775,0.3416677113818227,Alaska
04,2026-04-11,56.771602447424186,0.21183433749038874,Arizona
05,2026-04-11,29.113084843910364,1.1197340324580909,Arkansas
06,2026-04-11,194.4986205171095,0.21731689443252455,California
08,2026-04-11,28.55602649324014,0.2549645222610727,Colorado
09,2026-04-11,35.60984051593974,0.39566489462155263,Connecticut
10,2026-04-11,10.53643556312165,0.585357531284536,Delaware
11,2026-04-11,6.204657528332131,0.6894063920369035,District of Columbia
12,2026-04-11,123.45284203864935,0.18208383781511703,Florida
13,2026-04-11,80.66871749044114,0.6205285960803164,Georgia
15,2026-04-11,14.069676239820708,0.3058625269526241,Hawaii
16,2026-04-11,29.399253885496037,0.8166459412637788,Idaho
17,2026-04-11,76.06400195991756,0.2631972386156317,Illinois
18,2026-04-11,62.9770303126993,0.5429054337301664,Indiana
19,2026-04-11,21.31165262300975,0.3437363326291895,Iowa
20,2026-04-11,21.07924193841135,0.6799755464003662,Kansas
21,2026-04-11,45.882643597093605,0.36706114877674884,Kentucky
22,2026-04-11,29.587535140496797,0.2872576227232699,Louisiana
23,2026-04-11,9.969146082977595,0.3987658433191038,Maine
24,2026-04-11,27.20771709499428,0.7159925551314285,Maryland
25,2026-04-11,47.961834654139096,0.311440484767137,Massachusetts
26,2026-04-11,84.54836991712568,0.4570182157682469,Michigan
27,2026-04-11,34.533613899384946,0.3320539798017783,Minnesota
28,2026-04-11,19.72925390426966,0.270263752113283,Mississippi
29,2026-04-11,64.17336470898525,0.7549807612821794,Missouri
30,2026-04-11,17.571464611437978,0.976192478413221,Montana
31,2026-04-11,14.198481428965568,0.443702544655174,Nebraska
32,2026-04-11,22.833156459360957,0.19854918660313875,Nevada
33,2026-04-11,20.6886953370392,1.0888787019494315,New Hampshire
34,2026-04-11,90.8246754265248,0.5471365989549687,New Jersey
35,2026-04-11,16.19589530347553,0.4048973825868883,New Mexico
36,2026-04-11,154.54401334711866,0.33235271687552403,New York
37,2026-04-11,78.06755278719825,0.9520433266731494,North Carolina
38,2026-04-11,8.058026026084931,0.2518133133151541,North Dakota
39,2026-04-11,94.27629418604931,0.7035544342242486,Ohio
40,2026-04-11,66.59263010127492,2.4663937074546265,Oklahoma
41,2026-04-11,24.416173782780334,0.6104043445695083,Oregon
42,2026-04-11,179.0121348297793,0.16127219354034172,Pennsylvania
44,2026-04-11,13.74344134505208,0.37144436067708325,Rhode Island
45,2026-04-11,36.25579435302001,0.8431580082097676,South Carolina
46,2026-04-11,8.506078759993159,0.3037885271426128,South Dakota
47,2026-04-11,52.11477404148138,0.3065574943616552,Tennessee
48,2026-04-11,169.88081971629288,0.3370651184847081,Texas
49,2026-04-11,8.671566458600974,0.2550460723117934,Utah
50,2026-04-11,8.567461177804198,1.0709326472255247,Vermont
51,2026-04-11,43.23976046709538,0.5404970058386922,Virginia
53,2026-04-11,37.68425336182936,0.2529144520928145,Washington
54,2026-04-11,21.726757277758146,0.33948058246497104,West Virginia
55,2026-04-11,51.78900514181878,0.3983769626293752,Wisconsin
56,2026-04-11,10.044829151408226,0.5022414575704113,Wyoming
72,2026-04-11,51.1882651480757,0.15606178398803566,72
US,2026-04-11,2178.913642506308,0.28290231660689535,United States
01,2026-04-18,31.931683378772135,0.33969875934863974,Alabama
02,2026-04-18,8.301943946860531,0.5534629297907021,Alaska
04,2026-04-18,60.416330548889306,0.23974734344797344,Arizona
05,2026-04-18,20.886429500936906,0.8702678958723711,Arkansas
06,2026-04-18,159.73842869402768,0.19245593818557552,California
08,2026-04-18,29.334516071903124,0.28759329482257967,Colorado
09,2026-04-18,35.14345711549261,0.5093254654419219,Connecticut
10,2026-04-18,9.999386927092726,0.6249616829432953,Delaware
11,2026-04-18,6.145139791292225,0.7681424739115281,District of Columbia
12,2026-04-18,120.71605392457644,0.17910393757355555,Florida
13,2026-04-18,60.320757591824844,0.5800072845367773,Georgia
15,2026-04-18,13.651474857305903,0.2904569118575724,Hawaii
16,2026-04-18,15.913118959134621,0.5487282399701594,Idaho
17,2026-04-18,79.29626451849455,0.3331775820104813,Illinois
18,2026-04-18,53.51863446342563,0.5246924947394669,Indiana
19,2026-04-18,21.042197962063753,0.42943261147068884,Iowa
20,2026-04-18,18.56718619681871,0.8072689650790743,Kansas
21,2026-04-18,39.186897337511354,0.3804553139564209,Kentucky
22,2026-04-18,29.805725845909848,0.2951061964941569,Louisiana
23,2026-04-18,8.905388138046526,0.4047903699112057,Maine
24,2026-04-18,27.727522541847236,0.5658678069764742,Maryland
25,2026-04-18,63.37564148286694,0.5416721494262131,Massachusetts
26,2026-04-18,95.06268524571968,0.7094230242217886,Michigan
27,2026-04-18,29.988145968134532,0.31566469440141615,Minnesota
28,2026-04-18,17.432783627689822,0.22349722599602337,Mississippi
29,2026-04-18,56.39946070299345,0.9245813229998926,Missouri
30,2026-04-18,11.780132289101218,0.6929489581824245,Montana
31,2026-04-18,10.170615761756043,0.3390205253918681,Nebraska
32,2026-04-18,21.444523464769453,0.1531751676054961,Nevada
33,2026-04-18,9.978087751634245,0.6236304844771403,New Hampshire
34,2026-04-18,71.66718096246859,0.46236890943528125,New Jersey
35,2026-04-18,17.301400332689354,0.42198537396803304,New Mexico
36,2026-04-18,143.02342055638042,0.37937246831931143,New York
37,2026-04-18,74.80419078108432,1.0247149422066344,North Carolina
38,2026-04-18,9.709420868250263,0.3883768347300105,North Dakota
39,2026-04-18,99.68467758285502,0.8744269963408334,Ohio
40,2026-04-18,28.3823973867009,0.9787033581621001,Oklahoma
41,2026-04-18,19.562781094805715,0.3992404305062391,Oregon
42,2026-04-18,138.68188368776214,0.14644338298602128,Pennsylvania
44,2026-04-18,17.36821428078507,0.6947285712314029,Rhode Island
45,2026-04-18,37.89386077904847,0.9716374558730376,South Carolina
46,2026-04-18,9.075057821425954,0.36300231285703816,South Dakota
47,2026-04-18,45.23945941681012,0.27417854192006136,Tennessee
48,2026-04-18,128.84974802713816,0.25414151484642633,Texas
49,2026-04-18,9.392408158741471,0.24083097842926848,Utah
50,2026-04-18,5.148942258764137,0.8581570431273562,Vermont
51,2026-04-18,41.99356902800771,0.5832440142778849,Virginia
53,2026-04-18,26.773758793369495,0.1954288963019671,Washington
54,2026-04-18,22.330340594435377,0.3987560820434889,West Virginia
55,2026-04-18,50.5495277418256,0.6651253650240211,Wisconsin
56,2026-04-18,11.1652208546456,0.69782630341535,Wyoming
72,2026-04-18,39.81158414326768,0.12174796374087976,72
US,2026-04-18,1745.9902817251532,0.2515836140814342,United States
01,2026-04-25,29.83852403263343,0.32433178296340687,Alabama
02,2026-04-25,4.502821666926977,0.3752351389105814,Alaska
04,2026-04-25,53.241226846148834,0.2096111293155466,Arizona
05,2026-04-25,19.664452498753,0.6554817499584333,Arkansas
06,2026-04-25,153.76799265939957,0.1893694490879305,California
08,2026-04-25,30.96698250840342,0.32943598413195124,Colorado
09,2026-04-25,46.98309537884292,1.174577384471073,Connecticut
10,2026-04-25,7.5930175814731875,0.3996325042880625,Delaware
11,2026-04-25,9.17745157464249,2.2943628936606224,District of Columbia
12,2026-04-25,116.81553366569256,0.1857162697387799,Florida
13,2026-04-25,59.839602298740886,0.6365915138163925,Georgia
15,2026-04-25,15.500176357870005,0.2980803145744232,Hawaii
16,2026-04-25,13.97101164104722,0.4657003880349073,Idaho
17,2026-04-25,101.10958718556603,0.5744862908270797,Illinois
18,2026-04-25,64.71722107779382,0.7989780379974546,Indiana
19,2026-04-25,23.428832930087772,0.633211700813183,Iowa
20,2026-04-25,19.758618219426744,1.0399272747066708,Kansas
21,2026-04-25,39.93466695656075,0.4590191604202385,Kentucky
22,2026-04-25,28.765822424800717,0.2848101230178289,Louisiana
23,2026-04-25,9.84985413195566,0.428254527476333,Maine
24,2026-04-25,29.66960278291549,0.5298143354092052,Maryland
25,2026-04-25,63.90749528751053,0.7100832809723392,Massachusetts
26,2026-04-25,71.43035429033225,0.6675734045825443,Michigan
27,2026-04-25,32.11278608649188,0.3568087342943542,Minnesota
28,2026-04-25,18.97140412658124,0.24014435603267395,Mississippi
29,2026-04-25,47.26949304963473,1.0275976749920595,Missouri
30,2026-04-25,10.842679623537727,0.7744771159669804,Montana
31,2026-04-25,12.160338911851728,0.4864135564740691,Nebraska
32,2026-04-25,23.846168932523902,0.15384625117757356,Nevada
33,2026-04-25,13.76633386341586,1.3766333863415858,New Hampshire
34,2026-04-25,58.980352209637346,0.36184265159286716,New Jersey
35,2026-04-25,15.011005703064022,0.4415001677371771,New Mexico
36,2026-04-25,131.1365261939643,0.46012816208408525,New York
37,2026-04-25,61.954776945107284,0.8486955745905107,North Carolina
38,2026-04-25,7.34694724855823,0.33395214766173775,North Dakota
39,2026-04-25,90.61781684548828,0.9061781684548827,Ohio
40,2026-04-25,29.890909483354804,0.9340909213548376,Oklahoma
41,2026-04-25,23.65007509470621,0.46372696264129826,Oregon
42,2026-04-25,129.78658254088242,0.1668208001810828,Pennsylvania
44,2026-04-25,9.362644521769166,0.3901101884070486,Rhode Island
45,2026-04-25,27.02485663005507,0.6284850379082574,South Carolina
46,2026-04-25,7.05819034823978,0.32082683401089906,South Dakota
47,2026-04-25,41.073419512662085,0.2667105163159876,Tennessee
48,2026-04-25,125.45437666307606,0.2479335507175416,Texas
49,2026-04-25,10.256170978114344,0.25015051166132546,Utah
50,2026-04-25,5.96616414483292,1.9887213816109732,Vermont
51,2026-04-25,41.84078187279978,0.5578770916373305,Virginia
53,2026-04-25,30.120887508066815,0.24096710006453453,Washington
54,2026-04-25,37.34627854383342,1.1670712044947944,West Virginia
55,2026-04-25,48.40784855924484,0.9491735011616635,Wisconsin
56,2026-04-25,6.986625904938501,0.38814588360769453,Wyoming
72,2026-04-25,37.678889211253264,0.11999646245622059,72
US,2026-04-25,1781.5419884701678,0.28256018849645803,United States
01,2026-05-02,32.159222096134215,0.3654457056378888,Alabama
02,2026-05-02,7.405607990261288,1.0579439986087553,Alaska
04,2026-05-02,58.48398552086218,0.24470286828812626,Arizona
05,2026-05-02,18.983073725821562,0.5752446583582291,Arkansas
06,2026-05-02,164.58322702065067,0.22453373399815915,California
08,2026-05-02,50.72791432171351,0.7926236612767736,Colorado
09,2026-05-02,32.211755629858985,1.3421564845774576,Connecticut
10,2026-05-02,9.279406322154841,0.6186270881436561,Delaware
11,2026-05-02,6.343615222593403,1.5859038056483508,District of Columbia
12,2026-05-02,129.5410355722754,0.224897631201867,Florida
13,2026-05-02,49.93807496656461,0.5201882809017148,Georgia
15,2026-05-02,10.043397159745265,0.19314225307202432,Hawaii
16,2026-05-02,12.731588240305001,0.4390202841484483,Idaho
17,2026-05-02,100.13387740577787,0.8485921814048972,Illinois
18,2026-05-02,49.298926331083464,0.6486700833037298,Indiana
19,2026-05-02,27.057692452952764,1.1764214109979463,Iowa
20,2026-05-02,23.06147534779506,1.537431689853004,Kansas
21,2026-05-02,38.78286538245173,0.5462375405979117,Kentucky
22,2026-05-02,39.16319349297038,0.4256868857931563,Louisiana
23,2026-05-02,14.204897410119049,0.8878060881324406,Maine
24,2026-05-02,30.34616119584598,0.5323887929095786,Maryland
25,2026-05-02,62.568818602386955,0.8571071041422871,Massachusetts
26,2026-05-02,60.933022851458105,0.6846407061961585,Michigan
27,2026-05-02,34.146130453616266,0.43222949941286415,Minnesota
28,2026-05-02,19.532403251134,0.27128337848797224,Mississippi
29,2026-05-02,44.987725816172684,1.0462261817714578,Missouri
30,2026-05-02,9.463508353606297,0.7886256961338581,Montana
31,2026-05-02,15.37782412544065,1.0984160089600465,Nebraska
32,2026-05-02,23.469848610991633,0.15141837813542988,Nevada
33,2026-05-02,8.690087143375383,0.9655652381528204,New Hampshire
34,2026-05-02,68.75694822353466,0.4645739744833423,New Jersey
35,2026-05-02,18.433340929819714,0.5760419040568661,New Mexico
36,2026-05-02,113.48857264326114,0.4331624910048135,New York
37,2026-05-02,66.17985469862893,0.9877590253526706,North Carolina
38,2026-05-02,5.585532274053323,0.22342129096213292,North Dakota
39,2026-05-02,102.23361513189903,1.32770928742726,Ohio
40,2026-05-02,30.122256994370858,0.9127956664960866,Oklahoma
41,2026-05-02,22.796203307489016,0.4749209022393545,Oregon
42,2026-05-02,128.4145538762171,0.1826665062250599,Pennsylvania
44,2026-05-02,7.031245634227361,0.2929685680928067,Rhode Island
45,2026-05-02,33.98363498837196,0.8288691460578527,South Carolina
46,2026-05-02,9.016809955575358,0.47456894503028196,South Dakota
47,2026-05-02,41.986807972250475,0.28369464846115183,Tennessee
48,2026-05-02,134.9200824783456,0.2776133384328099,Texas
49,2026-05-02,14.430952783308072,0.4655146059131636,Utah
50,2026-05-02,4.493866895819314,4.493866895819314,Vermont
51,2026-05-02,42.190147623343194,0.6114514148310608,Virginia
53,2026-05-02,34.24684595624663,0.3324936500606469,Washington
54,2026-05-02,25.265550936117123,1.4036417186731736,West Virginia
55,2026-05-02,46.39687232369674,1.718402678655435,Wisconsin
56,2026-05-02,5.280482727179763,0.24002194214453468,Wyoming
72,2026-05-02,38.336143525714064,0.12055391045822032,72
US,2026-05-02,1639.0766759171333,0.28867148219745214,United States
01,2026-05-09,26.449771073722616,0.30755547760142576,Alabama
02,2026-05-09,5.79122938544355,0.965204897573925,Alaska
04,2026-05-09,63.773698282531456,0.29120410174671896,Arizona
05,2026-05-09,23.676095264967486,0.739877977030234,Arkansas
06,2026-05-09,171.23218200579453,0.2594427000087796,California
08,2026-05-09,42.524834306090256,0.9449963179131168,Colorado
09,2026-05-09,25.216390539384427,1.4833170905520252,Connecticut
10,2026-05-09,9.214100514969537,0.7678417095807948,Delaware
11,2026-05-09,5.900597789784129,0.9834329649640215,District of Columbia
12,2026-05-09,119.43378392830192,0.22035753492306628,Florida
13,2026-05-09,50.274519515885345,0.5778680404124752,Georgia
15,2026-05-09,16.97337110632074,0.4587397596302903,Hawaii
16,2026-05-09,14.10801240519752,0.5878338502165633,Idaho
17,2026-05-09,68.65972501993232,0.4517087172363969,Illinois
18,2026-05-09,51.331918279798614,0.7897218196892094,Indiana
19,2026-05-09,24.032762913482294,2.18479662849839,Iowa
20,2026-05-09,16.442611602266744,1.096174106817783,Kansas
21,2026-05-09,32.46041586041336,0.47044080957120815,Kentucky
22,2026-05-09,29.4181260197699,0.30966448441863054,Louisiana
23,2026-05-09,9.774073894113567,0.7518518380087359,Maine
24,2026-05-09,30.942747577206745,0.5428552206527499,Maryland
25,2026-05-09,63.92534407690988,1.2785068815381977,Massachusetts
26,2026-05-09,64.58193166593819,0.8174928058979517,Michigan
27,2026-05-09,45.19444933644667,0.8527254591782389,Minnesota
28,2026-05-09,27.500498894917172,0.5188773376399466,Mississippi
29,2026-05-09,38.958862893853166,0.7214604239602438,Missouri
30,2026-05-09,8.672993321696051,0.6671533324381578,Montana
31,2026-05-09,12.994753534847565,1.2994753534847565,Nebraska
32,2026-05-09,21.27311822770023,0.1552782352386878,Nevada
33,2026-05-09,7.814814743510283,0.9768518429387854,New Hampshire
34,2026-05-09,60.26347763992243,0.47080841906189397,New Jersey
35,2026-05-09,20.12872834061688,0.8751621017659513,New Mexico
36,2026-05-09,124.78126694070687,0.6116728771603278,New York
37,2026-05-09,70.30590341747128,1.2334369020608997,North Carolina
38,2026-05-09,5.9596345123727374,0.22072720416195324,North Dakota
39,2026-05-09,95.93233496200745,1.475882076338576,Ohio
40,2026-05-09,31.612918884138026,0.9297917318864125,Oklahoma
41,2026-05-09,26.974027756374056,0.7933537575404134,Oregon
42,2026-05-09,137.79180719471503,0.21330001113732977,Pennsylvania
44,2026-05-09,6.869766664475431,0.2862402776864763,Rhode Island
45,2026-05-09,38.438860947574014,1.1648139681083034,South Carolina
46,2026-05-09,7.766752447492852,0.5547680319637751,South Dakota
47,2026-05-09,39.58968060103214,0.2730322800071182,Tennessee
48,2026-05-09,143.93967909859003,0.3108848360660692,Texas
49,2026-05-09,13.036936199649574,0.521477447985983,Utah
50,2026-05-09,3.4675334222626066,1.1558444740875355,Vermont
51,2026-05-09,56.106853397499364,0.9509636169067689,Virginia
53,2026-05-09,27.846164310231615,0.33150195607418587,Washington
54,2026-05-09,20.239234714785454,1.4456596224846752,West Virginia
55,2026-05-09,39.65536749073752,2.20307597170764,Wisconsin
56,2026-05-09,6.058547700793817,0.30292738503969086,Wyoming
72,2026-05-09,62.71551525653436,0.24214484655032573,72
US,2026-05-09,1705.5803969112853,0.33515040222269316,United States
01,2026-05-16,26.985506331080913,0.3415886877352014,Alabama
02,2026-05-16,6.860319671022184,1.3720639342044367,Alaska
04,2026-05-16,55.89201425446197,0.26240382279090124,Arizona
05,2026-05-16,21.269650244688478,0.787764823877351,Arkansas
06,2026-05-16,149.7502760399214,0.2487546113619957,California
08,2026-05-16,35.553815057126926,1.0158232873464836,Colorado
09,2026-05-16,27.901653282925963,2.536513934811451,Connecticut
10,2026-05-16,8.216215490809802,1.0270269363512252,Delaware
11,2026-05-16,5.402112199629908,0.771730314232844,District of Columbia
12,2026-05-16,126.45920659197168,0.2460295848092834,Florida
13,2026-05-16,50.55746919960768,0.5680614516809852,Georgia
15,2026-05-16,7.8377566987417,0.18661325473194523,Hawaii
16,2026-05-16,15.462008620782662,0.8137899274096138,Idaho
17,2026-05-16,77.73604693593919,0.6218883754875135,Illinois
18,2026-05-16,48.12487038678833,0.9080164223922327,Indiana
19,2026-05-16,14.616843124008014,1.2180702603340012,Iowa
20,2026-05-16,15.441117957054033,1.0294078638036022,Kansas
21,2026-05-16,30.218510551030235,0.5036418425171706,Kentucky
22,2026-05-16,26.476505202101677,0.2621436158623928,Louisiana
23,2026-05-16,9.595415206797433,0.9595415206797433,Maine
24,2026-05-16,35.42181825397006,0.6559595972957418,Maryland
25,2026-05-16,57.731782599647204,1.5603184486391135,Massachusetts
26,2026-05-16,66.79779094098069,1.0276583221689337,Michigan
27,2026-05-16,30.326569341542893,0.7052690544544858,Minnesota
28,2026-05-16,23.51467142549759,0.5468528238487811,Mississippi
29,2026-05-16,41.76496603738566,0.8701034591122013,Missouri
30,2026-05-16,13.01752364696382,2.603504729392764,Montana
31,2026-05-16,14.82230069987514,4.94076689995838,Nebraska
32,2026-05-16,32.145374960268086,0.3061464281930294,Nevada
33,2026-05-16,7.733026299369339,0.859225144374371,New Hampshire
34,2026-05-16,73.12103607836647,0.683374168956696,New Jersey
35,2026-05-16,19.600493747368724,1.4000352676691945,New Mexico
36,2026-05-16,117.78599126319205,0.7599096210528519,New York
37,2026-05-16,73.15971341042695,1.5565896470303606,North Carolina
38,2026-05-16,6.6135814961932855,0.25436851908435715,North Dakota
39,2026-05-16,93.65193923345447,1.510515148926685,Ohio
40,2026-05-16,28.188284109755514,0.7227765156347568,Oklahoma
41,2026-05-16,28.274613666199727,1.2293310289652055,Oregon
42,2026-05-16,129.84135062178996,0.20193056084259714,Pennsylvania
44,2026-05-16,9.3199097151536,0.5177727619529777,Rhode Island
45,2026-05-16,31.29728519066576,1.0792167307126124,South Carolina
46,2026-05-16,10.099688120479396,1.122187568942155,South Dakota
47,2026-05-16,49.86776221296306,0.41213026622283516,Tennessee
48,2026-05-16,159.0974830746589,0.37259363717718713,Texas
49,2026-05-16,12.887617292948168,0.5603311866499203,Utah
50,2026-05-16,4.491021150920712,2.245510575460356,Vermont
51,2026-05-16,44.25814532752469,0.7764586899565734,Virginia
53,2026-05-16,37.988780871652594,0.5935747011195718,Washington
54,2026-05-16,16.72056521144018,1.0450353257150113,West Virginia
55,2026-05-16,29.698453847771546,1.6499141026539748,Wisconsin
56,2026-05-16,7.52977252009741,0.4706107825060881,Wyoming
72,2026-05-16,36.96605197225557,0.13742026755485343,72
US,2026-05-16,1797.0633022434122,0.3883862766897368,United States
01,2026-05-23,29.327430255300598,0.42503522109131303,Alabama
02,2026-05-23,3.6789585665447007,0.7357917133089401,Alaska
04,2026-05-23,53.24851608118641,0.30958439582085123,Arizona
05,2026-05-23,21.738449222589182,1.1441289064520621,Arkansas
06,2026-05-23,154.17973652792097,0.28083740715468297,California
08,2026-05-23,30.698182612386006,1.136969726384667,Colorado
09,2026-05-23,23.09509356429463,2.5661215071438477,Connecticut
10,2026-05-23,10.106791182338984,2.526697795584746,Delaware
11,2026-05-23,4.525158467400734,0.45251584674007345,District of Columbia
12,2026-05-23,111.91087568390589,0.23026929153067055,Florida
13,2026-05-23,50.712333809157585,0.7244619115593941,Georgia
15,2026-05-23,8.188379560260573,0.21548367263843615,Hawaii
16,2026-05-23,16.237423393378972,1.3531186161149142,Idaho
17,2026-05-23,68.43036971403464,0.6336145343892097,Illinois
18,2026-05-23,55.96243376145047,1.2718734945784198,Indiana
19,2026-05-23,18.605845044290746,1.8605845044290745,Iowa
20,2026-05-23,15.908093249728779,1.136292374980627,Kansas
21,2026-05-23,42.39141349788582,0.9634412158610414,Kentucky
22,2026-05-23,25.302437704897244,0.24806311475389456,Louisiana
23,2026-05-23,10.395578212474515,1.4850826017820735,Maine
24,2026-05-23,31.83085209114725,0.6005821149273066,Maryland
25,2026-05-23,57.38417502412803,2.391007292672001,Massachusetts
26,2026-05-23,70.5680421363389,1.5014477050284873,Michigan
27,2026-05-23,31.78915224933465,1.135326866047666,Minnesota
28,2026-05-23,21.02756229663136,0.65711132176973,Mississippi
29,2026-05-23,41.24285660060097,0.7498701200109268,Missouri
30,2026-05-23,8.458687320247211,1.0573359150309014,Montana
31,2026-05-23,12.20073677215013,,Nebraska
32,2026-05-23,20.784844550018256,0.23094271722242507,Nevada
33,2026-05-23,9.736150052946634,1.2170187566183293,New Hampshire
34,2026-05-23,72.56591509452878,0.7974276384014152,New Jersey
35,2026-05-23,16.996686887086703,1.416390573923892,New Mexico
36,2026-05-23,109.01970985504875,0.8517164832425683,New York
37,2026-05-23,63.52016368438578,1.5123848496282328,North Carolina
38,2026-05-23,8.079846796144276,0.36726576346110346,North Dakota
39,2026-05-23,93.68567151631706,1.6436082722160887,Ohio
40,2026-05-23,30.264222257817423,0.7566055564454356,Oklahoma
41,2026-05-23,28.565082294019973,2.0403630210014265,Oregon
42,2026-05-23,122.15760057192426,0.18968571517379543,Pennsylvania
44,2026-05-23,11.908261203346395,1.323140133705155,Rhode Island
45,2026-05-23,30.17932310162533,1.0406663138491492,South Carolina
46,2026-05-23,6.7128293757748665,0.6712829375774867,South Dakota
47,2026-05-23,43.49775369205325,0.39906196047755277,Tennessee
48,2026-05-23,133.75571215939277,0.3438450184046087,Texas
49,2026-05-23,11.85922089166504,0.5647248043650018,Utah
50,2026-05-23,3.5386017801043277,1.7693008900521638,Vermont
51,2026-05-23,47.3691347499247,0.8028666906766898,Virginia
53,2026-05-23,36.71178736581699,0.78110185884717,Washington
54,2026-05-23,18.01268929433588,1.2866206638811342,West Virginia
55,2026-05-23,36.44778579178434,3.3134350719803947,Wisconsin
56,2026-05-23,11.131451267906515,1.3914314084883144,Wyoming
72,2026-05-23,41.0553587957652,0.16488095901913735,72
US,2026-05-23,1576.8436137289204,0.37968784342136297,United States
01,2026-05-30,27.977468657053734,0.4304225947239036,Alabama
02,2026-05-30,3.635980871387286,0.45449760892341073,Alaska
04,2026-05-30,62.15501900496952,0.45368627010926654,Arizona
05,2026-05-30,27.707016675553078,2.770701667555308,Arkansas
06,2026-05-30,139.89140741291715,0.279224366093647,California
08,2026-05-30,29.00087481578923,1.3809940388471063,Colorado
09,2026-05-30,19.671395473453003,2.185710608161445,Connecticut
10,2026-05-30,9.56264181892173,4.781320909460865,Delaware
11,2026-05-30,5.933266759757487,0.7416583449696859,District of Columbia
12,2026-05-30,120.60104957264991,0.2734717677384352,Florida
13,2026-05-30,60.42534175947074,1.3733032218061532,Georgia
15,2026-05-30,13.264431781995645,0.4912752511850239,Hawaii
16,2026-05-30,12.197727376840355,1.016477281403363,Idaho
17,2026-05-30,75.4781708385812,0.7188397222722019,Illinois
18,2026-05-30,52.60187432367404,1.8138577352991048,Indiana
19,2026-05-30,16.22057112090487,1.8022856801005414,Iowa
20,2026-05-30,17.883755687781928,1.987083965309103,Kansas
21,2026-05-30,37.43640099410324,1.2076258385194594,Kentucky
22,2026-05-30,30.27215288034408,0.33635725422604534,Louisiana
23,2026-05-30,10.645177879456988,2.661294469864247,Maine
24,2026-05-30,31.163493991812487,0.6232698798362497,Maryland
25,2026-05-30,54.593051804422174,3.8995037003158695,Massachusetts
26,2026-05-30,67.00334711292695,1.6750836778231737,Michigan
27,2026-05-30,33.4981229877294,1.8610068326516336,Minnesota
28,2026-05-30,17.446750509188362,0.6461759447847542,Mississippi
29,2026-05-30,46.06367132354275,0.9032092416380931,Missouri
30,2026-05-30,9.123914997342933,1.3034164281918474,Montana
31,2026-05-30,10.067855069409585,1.6779758449015976,Nebraska
32,2026-05-30,20.964894208274863,0.2994984886896409,Nevada
33,2026-05-30,9.345509371032854,1.5575848951721423,New Hampshire
34,2026-05-30,64.82785661746635,0.8311263668905943,New Jersey
35,2026-05-30,18.84159906906661,2.3551998836333263,New Mexico
36,2026-05-30,118.66943274234495,1.2898851385037495,New York
37,2026-05-30,55.57207377051162,1.6344727579562242,North Carolina
38,2026-05-30,8.62445731433201,0.5749638209554674,North Dakota
39,2026-05-30,93.59754335984402,1.7332878399971117,Ohio
40,2026-05-30,29.783087293041007,0.850945351229743,Oklahoma
41,2026-05-30,23.115749158156426,1.7781345506274173,Oregon
42,2026-05-30,120.34919253087702,0.20024824048398837,Pennsylvania
44,2026-05-30,9.705594253131423,1.9411188506262846,Rhode Island
45,2026-05-30,38.93199419296815,1.8539044853794355,South Carolina
46,2026-05-30,8.512522851327358,1.4187538085545597,South Dakota
47,2026-05-30,42.30948878703836,0.4273685736064481,Tennessee
48,2026-05-30,133.77771164265374,0.38331722533711676,Texas
49,2026-05-30,9.665722350188787,0.4202487978342951,Utah
50,2026-05-30,3.6898314962580745,1.8449157481290372,Vermont
51,2026-05-30,45.26176566452867,0.9052353132905734,Virginia
53,2026-05-30,23.319244307173648,0.4858175897327843,Washington
54,2026-05-30,15.0005605644508,1.0714686117464858,West Virginia
55,2026-05-30,33.08795899658574,4.135994874573218,Wisconsin
56,2026-05-30,9.002765095260623,2.2506912738151557,Wyoming
72,2026-05-30,57.013775765444564,0.29237833725869006,72
US,2026-05-30,1754.7810849430643,0.4866281433563684,United States
