location,reference_date,WIS,WIS_norm,location_name
US,2025-11-29,1636.4837184782607,0.03644080605856998,United States
01,2025-11-29,32.58624130434782,0.06623219777306467,Alabama
02,2025-11-29,10.67618641304348,0.13514160016510735,Alaska
04,2025-11-29,20.442260326086956,0.06814086775362319,Arizona
05,2025-11-29,59.9862097826087,0.16389674803991447,Arkansas
06,2025-11-29,70.86850978260871,0.04363824494003,California
08,2025-11-29,37.287724456521744,0.0318698499628391,Colorado
09,2025-11-29,141.66075760869566,0.16626849484588693,Connecticut
10,2025-11-29,30.150631521739136,0.17946804477225675,Delaware
11,2025-11-29,4.549251630434782,0.03791043025362318,District of Columbia
12,2025-11-29,238.423235326087,0.058753877606231394,Florida
13,2025-11-29,70.81039565217391,0.05233584305408271,Georgia
15,2025-11-29,25.26804891304348,0.11330963638136089,Hawaii
16,2025-11-29,19.75119673913043,0.09360756748403048,Idaho
17,2025-11-29,80.44503478260869,0.06664874464176362,Illinois
18,2025-11-29,34.49829836956522,0.048047769316943205,Indiana
19,2025-11-29,25.585816847826095,0.15891811706724282,Iowa
20,2025-11-29,28.262445652173916,0.17025569669984286,Kansas
21,2025-11-29,32.73755815217391,0.07258882073652752,Kentucky
22,2025-11-29,38.57052228260869,0.03947852843665168,Louisiana
23,2025-11-29,21.590124456521743,0.14787756477069686,Maine
24,2025-11-29,68.5903277173913,0.07821017983739031,Maryland
25,2025-11-29,109.93703804347827,0.11608979730039944,Massachusetts
26,2025-11-29,74.86346195652175,0.08745731536976839,Michigan
27,2025-11-29,146.0717945652174,0.149357663154619,Minnesota
28,2025-11-29,19.006490760869564,0.06622470648386608,Mississippi
29,2025-11-29,85.65562445652175,0.16409123459103783,Missouri
30,2025-11-29,7.918647826086956,0.08514675081813931,Montana
31,2025-11-29,26.416254347826087,0.2063769870923913,Nebraska
32,2025-11-29,19.85761684782609,0.0874784883164145,Nevada
33,2025-11-29,21.372816847826087,0.12075037767133383,New Hampshire
34,2025-11-29,257.4967923913043,0.122559158682201,New Jersey
35,2025-11-29,33.11371032608695,0.10445965402551088,New Mexico
36,2025-11-29,602.8141440217391,0.08614091797967122,New York
37,2025-11-29,248.5320114130435,0.11085281508164295,North Carolina
38,2025-11-29,14.74687445652174,0.15688164315448658,North Dakota
39,2025-11-29,120.47318695652176,0.08761686324110673,Ohio
40,2025-11-29,13.643760869565218,0.0733535530621786,Oklahoma
41,2025-11-29,8.211890217391305,0.049172995313720394,Oregon
42,2025-11-29,126.20210543478262,0.044673311658330134,Pennsylvania
44,2025-11-29,49.51820326086956,0.17559646546407645,Rhode Island
45,2025-11-29,60.597229891304366,0.09279820810306948,South Carolina
46,2025-11-29,5.5828461956521735,0.13292490942028984,South Dakota
47,2025-11-29,31.732102717391307,0.046664856937340154,Tennessee
48,2025-11-29,105.61417282608697,0.02697680021100561,Texas
49,2025-11-29,36.32324184782609,0.13305216794075492,Utah
50,2025-11-29,4.608165760869566,0.17067280595813208,Vermont
51,2025-11-29,27.115244021739134,0.033148220075475715,Virginia
53,2025-11-29,11.048500543478262,0.040619487292199496,Washington
54,2025-11-29,28.183480434782613,0.23486233695652178,West Virginia
55,2025-11-29,107.39506032608696,0.17377841476713102,Wisconsin
56,2025-11-29,8.687073913043479,0.12410105590062112,Wyoming
US,2025-12-06,2076.839789673913,0.0268707438177502,United States
01,2025-12-06,129.9926847826087,0.1377041152358143,Alabama
02,2025-12-06,31.18970543478261,0.19866054417058987,Alaska
04,2025-12-06,34.64828260869565,0.06089329105218919,Arizona
05,2025-12-06,26.595466847826085,0.045462336492010404,Arkansas
06,2025-12-06,179.00582173913043,0.06744755905769798,California
08,2025-12-06,77.18177445652174,0.0419694260231222,Colorado
09,2025-12-06,153.92410869565217,0.10763923685010642,Connecticut
10,2025-12-06,68.46385163043479,0.18705970390829177,Delaware
11,2025-12-06,17.468076630434783,0.08562782661977834,District of Columbia
12,2025-12-06,166.8962739130435,0.030267731939253445,Florida
13,2025-12-06,161.62256467391305,0.06247489937143914,Georgia
15,2025-12-06,10.054827717391303,0.03565541743755781,Hawaii
16,2025-12-06,15.940277717391307,0.04772538238739912,Idaho
17,2025-12-06,235.68242554347825,0.0918481783100071,Illinois
18,2025-12-06,156.55448043478262,0.11762169829810866,Indiana
19,2025-12-06,59.24680543478262,0.14628840848094474,Iowa
20,2025-12-06,84.91506793478261,0.2012205401298166,Kansas
21,2025-12-06,128.45627391304347,0.13535961423924497,Kentucky
22,2025-12-06,104.77961304347828,0.06764339124821064,Louisiana
23,2025-12-06,36.28568804347827,0.12959174301242238,Maine
24,2025-12-06,75.95767119565218,0.05349131774341703,Maryland
25,2025-12-06,358.0095733695652,0.19563364665003563,Massachusetts
26,2025-12-06,267.6999989130435,0.15664131007199736,Michigan
27,2025-12-06,264.17752119565216,0.14295320411020138,Minnesota
28,2025-12-06,53.045871195652175,0.10401151214833759,Mississippi
29,2025-12-06,273.58120434782614,0.2147419186403659,Missouri
30,2025-12-06,17.828716847826087,0.08826097449418854,Montana
31,2025-12-06,49.01786413043478,0.17382221322849212,Nebraska
32,2025-12-06,93.44474402173914,0.19187832447995717,Nevada
33,2025-12-06,65.62431358695652,0.18128263421811192,New Hampshire
34,2025-12-06,314.8476918478261,0.09224954346552186,New Jersey
35,2025-12-06,70.73876793478262,0.10653428905840755,New Mexico
36,2025-12-06,693.1530336956521,0.06817675161755209,New York
37,2025-12-06,732.4949505434784,0.15906513584006043,North Carolina
38,2025-12-06,28.310219565217395,0.15220548153342686,North Dakota
39,2025-12-06,358.9058380434783,0.12549155176345395,Ohio
40,2025-12-06,39.75691413043479,0.10039624780412824,Oklahoma
41,2025-12-06,35.56309239130435,0.12932033596837947,Oregon
42,2025-12-06,271.2917543478261,0.05590186572178572,Pennsylvania
44,2025-12-06,69.82446847826088,0.151792322778828,Rhode Island
45,2025-12-06,190.54635054347827,0.13086974625238892,South Carolina
46,2025-12-06,19.982121739130434,0.19784278949634093,South Dakota
47,2025-12-06,154.1191880434783,0.10420499529646943,Tennessee
48,2025-12-06,229.44729130434783,0.03727819517536114,Texas
49,2025-12-06,46.08252173913043,0.09701583524027459,Utah
50,2025-12-06,15.549241304347825,0.22213201863354037,Vermont
51,2025-12-06,100.22371576086957,0.0641637104743083,Virginia
53,2025-12-06,33.98212282608696,0.0849553070652174,Washington
54,2025-12-06,50.051142934782604,0.16573226137345234,West Virginia
55,2025-12-06,181.5161445652174,0.13709678592539076,Wisconsin
56,2025-12-06,13.42698804347826,0.11476058156819026,Wyoming
US,2025-12-13,3552.3124342391307,0.03158312899968109,United States
01,2025-12-13,157.38029239130435,0.11420921073389285,Alabama
02,2025-12-13,29.647782608695657,0.1353780027794322,Alaska
04,2025-12-13,109.36756032608695,0.12288489924279432,Arizona
05,2025-12-13,53.07813695652173,0.06577216475405419,Arkansas
06,2025-12-13,389.1038733695652,0.09825855388120333,California
08,2025-12-13,80.64409184782609,0.0329563105222011,Colorado
09,2025-12-13,428.89061086956525,0.2059004372873573,Connecticut
10,2025-12-13,116.81785760869565,0.2093509992987377,Delaware
11,2025-12-13,19.951421195652177,0.07025148308328232,District of Columbia
12,2025-12-13,567.1398016304347,0.07836669913367897,Florida
13,2025-12-13,495.19859347826093,0.13304637116557252,Georgia
15,2025-12-13,13.604231521739132,0.038648385004940715,Hawaii
16,2025-12-13,52.20194184782609,0.09962202642714903,Idaho
17,2025-12-13,595.6862505434783,0.14504169723483767,Illinois
18,2025-12-13,346.3557266304348,0.16345244295914807,Indiana
19,2025-12-13,139.14910489130435,0.18189425475987497,Iowa
20,2025-12-13,147.49605489130437,0.19587789494197128,Kansas
21,2025-12-13,230.7188489130435,0.152490977470617,Kentucky
22,2025-12-13,115.23299184782607,0.05673707131847665,Louisiana
23,2025-12-13,70.13769347826087,0.13618969607429296,Maine
24,2025-12-13,148.09695326086955,0.07102971379418203,Maryland
25,2025-12-13,416.0644836956522,0.1398536079649251,Massachusetts
26,2025-12-13,556.9740347826087,0.19339376207729467,Michigan
27,2025-12-13,439.9814934782609,0.15680024714121915,Minnesota
28,2025-12-13,91.1355336956522,0.13056666718574814,Mississippi
29,2025-12-13,437.1519548913043,0.20533205960136416,Missouri
30,2025-12-13,34.675095652173916,0.10289345890852794,Montana
31,2025-12-13,84.13611739130435,0.17939470659126727,Nebraska
32,2025-12-13,97.88674782608696,0.13864978445621381,Nevada
33,2025-12-13,90.98660597826088,0.14511420411205883,New Hampshire
34,2025-12-13,310.6172130434783,0.0639130067990696,New Jersey
35,2025-12-13,147.00053532608695,0.1421668620174922,New Mexico
36,2025-12-13,378.0071407608696,0.02957108196517794,New York
37,2025-12-13,927.5787777173913,0.13731736161619412,North Carolina
38,2025-12-13,58.840681521739135,0.17512107595755694,North Dakota
39,2025-12-13,664.8569108695652,0.14322639182885938,Ohio
40,2025-12-13,84.54598315217392,0.13747314333686816,Oklahoma
41,2025-12-13,32.07286793478261,0.07424274984903381,Oregon
42,2025-12-13,554.1364929347826,0.07227553057712047,Pennsylvania
44,2025-12-13,99.41840217391307,0.1406200879404711,Rhode Island
45,2025-12-13,330.99688043478267,0.1463940205372767,South Carolina
46,2025-12-13,40.60693369565218,0.1990535965473146,South Dakota
47,2025-12-13,251.43026358695653,0.11244645062028467,Tennessee
48,2025-12-13,442.61357608695647,0.05640545126633828,Texas
49,2025-12-13,57.82099510869565,0.0837985436357908,Utah
50,2025-12-13,26.11685434782609,0.2123321491693178,Vermont
51,2025-12-13,227.1850548913044,0.08958401218111371,Virginia
53,2025-12-13,30.49686956521739,0.05177736768288182,Washington
54,2025-12-13,98.62347771739128,0.19262397991677985,West Virginia
55,2025-12-13,301.0050168478261,0.13087174645557656,Wisconsin
56,2025-12-13,15.491808695652173,0.09388974967061924,Wyoming
US,2025-12-20,4271.888923913043,0.032547229176797636,United States
01,2025-12-20,148.78130054347827,0.09357314499589828,Alabama
02,2025-12-20,26.434077717391308,0.10489713379917186,Alaska
04,2025-12-20,89.62930543478261,0.08676602655835683,Arizona
05,2025-12-20,47.90454836956522,0.054252036658624256,Arkansas
06,2025-12-20,326.6399103260869,0.06496418264241983,California
08,2025-12-20,92.65079891304349,0.03509499958827405,Colorado
09,2025-12-20,157.08629076086956,0.06670330817871319,Connecticut
10,2025-12-20,113.09401576086957,0.16319482793776272,Delaware
11,2025-12-20,18.556290217391307,0.05555775514189014,District of Columbia
12,2025-12-20,703.9459733695653,0.08004843909137654,Florida
13,2025-12-20,246.5909472826087,0.06015880636316387,Georgia
15,2025-12-20,20.687881521739133,0.05683483934543718,Hawaii
16,2025-12-20,72.97428369565219,0.11296328745456995,Idaho
17,2025-12-20,816.2964293478261,0.1620922218720862,Illinois
18,2025-12-20,310.64775706521743,0.1195718849365733,Indiana
19,2025-12-20,164.90546141304347,0.162468434889698,Iowa
20,2025-12-20,166.0338875,0.167541763370333,Kansas
21,2025-12-20,246.55073260869563,0.1334871318942586,Kentucky
22,2025-12-20,155.14777989130434,0.0698549211577237,Louisiana
23,2025-12-20,86.66786793478262,0.13211565233960765,Maine
24,2025-12-20,85.38264293478261,0.03507914664535029,Maryland
25,2025-12-20,447.6787744565217,0.12319173760498671,Massachusetts
26,2025-12-20,499.6106179347826,0.1388964742659946,Michigan
27,2025-12-20,247.7196119565217,0.07612772340397102,Minnesota
28,2025-12-20,37.46427608695653,0.04579984851706177,Mississippi
29,2025-12-20,456.619258152174,0.1802681635026348,Missouri
30,2025-12-20,36.21430978260869,0.08306034353809331,Montana
31,2025-12-20,74.87768043478262,0.12356052877026835,Nebraska
32,2025-12-20,70.80053967391305,0.08319687388238901,Nevada
33,2025-12-20,97.76020271739131,0.12144124561166622,New Hampshire
34,2025-12-20,162.5525070652174,0.0296628662527769,New Jersey
35,2025-12-20,129.05396413043482,0.10648016842445117,New Mexico
36,2025-12-20,452.740964673913,0.0342078552832575,New York
37,2025-12-20,759.6464456521738,0.09948224799006991,North Carolina
38,2025-12-20,43.41079673913044,0.10385358071562306,North Dakota
39,2025-12-20,748.7945880434783,0.13159834587758845,Ohio
40,2025-12-20,101.73458586956522,0.13917180009516447,Oklahoma
41,2025-12-20,66.50856358695653,0.11834263983444222,Oregon
42,2025-12-20,620.6120782608696,0.06742119264105047,Pennsylvania
44,2025-12-20,47.40669782608696,0.060622375736684095,Rhode Island
45,2025-12-20,328.58342500000003,0.12183293474230628,South Carolina
46,2025-12-20,49.432279891304354,0.1915979840748231,South Dakota
47,2025-12-20,230.3946978260869,0.08898984079802508,Tennessee
48,2025-12-20,313.8663364130435,0.03601036443472275,Texas
49,2025-12-20,59.61871739130435,0.07585078548512005,Utah
50,2025-12-20,24.960880434782606,0.15407950885668276,Vermont
51,2025-12-20,294.63316141304347,0.0919866254801884,Virginia
53,2025-12-20,57.71553804347826,0.0729652819765844,Washington
54,2025-12-20,84.883,0.12319738751814223,West Virginia
55,2025-12-20,356.9125673913044,0.12475098475753386,Wisconsin
56,2025-12-20,12.357449456521739,0.06178724728260869,Wyoming
US,2025-12-27,4687.886247282609,0.03608203510758379,United States
01,2025-12-27,79.49713804347826,0.052266362947717464,Alabama
02,2025-12-27,11.314682065217392,0.04618237577639752,Alaska
04,2025-12-27,67.08323260869565,0.06413310956854269,Arizona
05,2025-12-27,35.32445217391305,0.04014142292490119,Arkansas
06,2025-12-27,298.33891521739133,0.05229428838166369,California
08,2025-12-27,92.36825706521738,0.03859935522992786,Colorado
09,2025-12-27,67.89299510869566,0.031607539622297794,Connecticut
10,2025-12-27,30.03673097826087,0.041259245849259434,Delaware
11,2025-12-27,23.66641902173913,0.07022676267578377,District of Columbia
12,2025-12-27,189.3195793478261,0.02092854071941478,Florida
13,2025-12-27,284.7355070652174,0.07546660669632055,Georgia
15,2025-12-27,24.546008695652173,0.07415712596873768,Hawaii
16,2025-12-27,38.26335597826087,0.057625536111838654,Idaho
17,2025-12-27,328.365110326087,0.06343993630720382,Illinois
18,2025-12-27,173.65834565217395,0.06602978922135892,Indiana
19,2025-12-27,119.86798586956522,0.10106912805190997,Iowa
20,2025-12-27,83.03280217391304,0.07695347745497039,Kansas
21,2025-12-27,153.0212972826087,0.07867418883424612,Kentucky
22,2025-12-27,91.53761630434782,0.04392400014604022,Louisiana
23,2025-12-27,40.00682771739131,0.05781333485172155,Maine
24,2025-12-27,83.54701847826087,0.03607384217541488,Maryland
25,2025-12-27,186.2536043478261,0.05086116994752215,Massachusetts
26,2025-12-27,331.321285326087,0.09052494134592541,Michigan
27,2025-12-27,107.72925543478259,0.034451312898875146,Minnesota
28,2025-12-27,29.287209239130434,0.036023627600406435,Mississippi
29,2025-12-27,409.1776369565218,0.1463962922921366,Missouri
30,2025-12-27,55.80832826086957,0.11675382481353468,Montana
31,2025-12-27,43.40495815217391,0.06586488338721383,Nebraska
32,2025-12-27,37.753215760869566,0.044311286104307,Nevada
33,2025-12-27,53.99066902173913,0.062489200256642514,New Hampshire
34,2025-12-27,168.93202282608698,0.03344526288380261,New Jersey
35,2025-12-27,68.08220706521739,0.057260056404724466,New Mexico
36,2025-12-27,329.0682690217391,0.029146879452766974,New York
37,2025-12-27,500.0308130434783,0.07094648312194642,North Carolina
38,2025-12-27,22.82680326086957,0.04984018179229164,North Dakota
39,2025-12-27,414.9389510869565,0.07150421352523806,Ohio
40,2025-12-27,89.64554239130435,0.11040091427500535,Oklahoma
41,2025-12-27,95.95230923913044,0.13552586050724638,Oregon
42,2025-12-27,417.7744027173913,0.04256055447406187,Pennsylvania
44,2025-12-27,26.86531739130435,0.03710679197693971,Rhode Island
45,2025-12-27,149.94853913043477,0.05753973105542393,South Carolina
46,2025-12-27,30.688626630434783,0.09899556977559608,South Dakota
47,2025-12-27,152.03030815217392,0.059433271365196993,Tennessee
48,2025-12-27,297.1283880434783,0.03601992823899604,Texas
49,2025-12-27,44.373344565217394,0.05908567851560239,Utah
50,2025-12-27,21.969378804347826,0.12005125029698266,Vermont
51,2025-12-27,237.35437771739132,0.0717733225634688,Virginia
53,2025-12-27,33.956285326086956,0.03854288913290233,Washington
54,2025-12-27,70.25911358695652,0.08848754859818202,West Virginia
55,2025-12-27,237.3113782608696,0.07934181820824794,Wisconsin
56,2025-12-27,13.83022608695652,0.07020419333480467,Wyoming
US,2026-01-03,8244.249155978263,0.0755382916985364,United States
01,2026-01-03,189.01118967391307,0.14847697539191915,Alabama
02,2026-01-03,21.318909782608696,0.11523735017626321,Alaska
04,2026-01-03,94.90302445652175,0.10226619014711395,Arizona
05,2026-01-03,56.864599456521745,0.075819465942029,Arkansas
06,2026-01-03,147.7149641304348,0.024287235141472345,California
08,2026-01-03,185.3234918478261,0.10541723085769403,Colorado
09,2026-01-03,102.88586304347827,0.06378540796247878,Connecticut
10,2026-01-03,25.08274510869565,0.0405869661953004,Delaware
11,2026-01-03,10.254057065217392,0.03769873921035806,District of Columbia
12,2026-01-03,227.56864130434786,0.027110869824201557,Florida
13,2026-01-03,345.54569782608695,0.1272728168788534,Georgia
15,2026-01-03,12.340829891304349,0.042850103789251213,Hawaii
16,2026-01-03,63.4385695652174,0.10416842293139146,Idaho
17,2026-01-03,338.15522391304347,0.07793390733188373,Illinois
18,2026-01-03,149.12516739130436,0.06636634062808383,Indiana
19,2026-01-03,38.06502663043478,0.03270191291274466,Iowa
20,2026-01-03,35.84702500000001,0.03504108015640275,Kansas
21,2026-01-03,70.2218543478261,0.04177385743475675,Kentucky
22,2026-01-03,56.698325543478255,0.032773598580045235,Louisiana
23,2026-01-03,36.99583586956522,0.05909877934435338,Maine
24,2026-01-03,159.87331141304347,0.0868404733367971,Maryland
25,2026-01-03,169.29197554347826,0.057270627721068425,Massachusetts
26,2026-01-03,208.3603,0.06627236005089059,Michigan
27,2026-01-03,118.4923581521739,0.04717052474210745,Minnesota
28,2026-01-03,69.56013804347826,0.10214410872757454,Mississippi
29,2026-01-03,105.50940054347826,0.04324155759978617,Missouri
30,2026-01-03,22.747235869565223,0.05416008540372672,Montana
31,2026-01-03,17.96858913043479,0.028208146201624474,Nebraska
32,2026-01-03,91.86448858695653,0.13589421388603037,Nevada
33,2026-01-03,26.47974239130435,0.03368923968359332,New Hampshire
34,2026-01-03,218.29240217391308,0.054792269621966136,New Jersey
35,2026-01-03,52.70768152173913,0.056012413944462415,New Mexico
36,2026-01-03,386.65117880434786,0.047664099951226314,New York
37,2026-01-03,337.4705576086957,0.06685232916178599,North Carolina
38,2026-01-03,16.335415760869566,0.03816685925436814,North Dakota
39,2026-01-03,225.4278152173913,0.045846616883748484,Ohio
40,2026-01-03,30.125346739130435,0.040328442756533384,Oklahoma
41,2026-01-03,40.540086413043475,0.0496814784473572,Oregon
42,2026-01-03,245.10891086956525,0.02826766357623864,Pennsylvania
44,2026-01-03,27.45413369565217,0.046690703564034305,Rhode Island
45,2026-01-03,207.3152043478261,0.10412616993863691,South Carolina
46,2026-01-03,12.57038641304348,0.039654215814017284,South Dakota
47,2026-01-03,232.73120434782612,0.11584430281126239,Tennessee
48,2026-01-03,522.7539961956521,0.07690951834568958,Texas
49,2026-01-03,71.36043369565218,0.1201354102620407,Utah
50,2026-01-03,8.652605978260869,0.051503607013457554,Vermont
51,2026-01-03,182.4692402173913,0.06263962932282571,Virginia
53,2026-01-03,35.44649184782608,0.03719463992426661,Washington
54,2026-01-03,17.83576195652174,0.02263421568086515,West Virginia
55,2026-01-03,130.13474728260869,0.050148264848789474,Wisconsin
56,2026-01-03,12.343296195652176,0.07812212782058339,Wyoming
US,2026-01-10,10903.343721739131,0.13255216846881276,United States
01,2026-01-10,152.0618945652174,0.1470617935833824,Alabama
02,2026-01-10,25.104908152173913,0.1819196242911153,Alaska
04,2026-01-10,161.71679184782607,0.1950745378140242,Arizona
05,2026-01-10,50.72347010869566,0.07448380339015515,Arkansas
06,2026-01-10,92.69396684782609,0.015040397022201215,California
08,2026-01-10,255.24371739130433,0.23699509507084895,Colorado
09,2026-01-10,154.8781945652174,0.16871263024533487,Connecticut
10,2026-01-10,11.560895652173915,0.023935601764335228,Delaware
11,2026-01-10,11.435452173913044,0.0631792937785251,District of Columbia
12,2026-01-10,320.7896375,0.04353231612159045,Florida
13,2026-01-10,451.8703472826087,0.25984493805785436,Georgia
15,2026-01-10,28.421855978260872,0.1393228234228474,Hawaii
16,2026-01-10,72.86885380434782,0.15340811327231121,Idaho
17,2026-01-10,574.9289255434783,0.18240130886531672,Illinois
18,2026-01-10,242.7667445652174,0.14484889293867387,Indiana
19,2026-01-10,80.94941793478262,0.08054668451222151,Iowa
20,2026-01-10,81.30809293478261,0.09197748069545544,Kansas
21,2026-01-10,66.05988043478261,0.04933523557489366,Kentucky
22,2026-01-10,74.87859673913043,0.05402496157224418,Louisiana
23,2026-01-10,66.61174184782608,0.15139032238142291,Maine
24,2026-01-10,348.7302711956521,0.3029802529936161,Maryland
25,2026-01-10,282.4440847826087,0.14810911629921797,Massachusetts
26,2026-01-10,271.80589782608695,0.12298909403895338,Michigan
27,2026-01-10,184.63187554347823,0.11122402141173388,Minnesota
28,2026-01-10,41.948767391304344,0.07195328883585651,Mississippi
29,2026-01-10,145.5550820652174,0.0751834101576536,Missouri
30,2026-01-10,41.40671684782609,0.11898481852823589,Montana
31,2026-01-10,34.72459184782608,0.06156842526210298,Nebraska
32,2026-01-10,101.88181902173913,0.18867003522544284,Nevada
33,2026-01-10,43.31013152173914,0.07946813123254888,New Hampshire
34,2026-01-10,260.2976489130435,0.1017582677533399,New Jersey
35,2026-01-10,65.87964293478261,0.10342173145177803,New Mexico
36,2026-01-10,378.56193532608694,0.08015285524583675,New York
37,2026-01-10,391.9665059782609,0.12936188316114222,North Carolina
38,2026-01-10,23.519623369565217,0.07127158596837944,North Dakota
39,2026-01-10,348.1086690217391,0.09753675231766296,Ohio
40,2026-01-10,62.54919130434782,0.08429810148833938,Oklahoma
41,2026-01-10,31.1199125,0.029638011904761907,Oregon
42,2026-01-10,486.45494673913043,0.07621102095239393,Pennsylvania
44,2026-01-10,65.23167445652174,0.19589091428384908,Rhode Island
45,2026-01-10,309.3423211956522,0.22745758911445013,South Carolina
46,2026-01-10,17.07894402173913,0.06325534822866344,South Dakota
47,2026-01-10,251.4944260869565,0.165565784125712,Tennessee
48,2026-01-10,291.59605543478256,0.050818413285950256,Texas
49,2026-01-10,121.48142989130434,0.30522972334498577,Utah
50,2026-01-10,18.470829891304344,0.1348235758489368,Vermont
51,2026-01-10,378.11641847826087,0.17562304620448715,Virginia
53,2026-01-10,40.053260326086956,0.04001324707900795,Washington
54,2026-01-10,39.4850027173913,0.05081724931453192,West Virginia
55,2026-01-10,252.33656739130438,0.14003139144911453,Wisconsin
56,2026-01-10,20.371824456521736,0.1851984041501976,Wyoming
US,2026-01-17,3062.6241565217397,0.044745768960796836,United States
01,2026-01-17,49.92013423913044,0.04652389025082054,Alabama
02,2026-01-17,9.436423913043479,0.08737429549114333,Alaska
04,2026-01-17,52.33149619565218,0.054970059029046406,Arizona
05,2026-01-17,39.18380652173913,0.053603018497591144,Arkansas
06,2026-01-17,134.1013005434783,0.019887483396630327,California
08,2026-01-17,51.647808695652174,0.07233586652052125,Colorado
09,2026-01-17,84.32713152173913,0.17035784145805885,Connecticut
10,2026-01-17,8.692335869565216,0.024145377415458934,Delaware
11,2026-01-17,12.64133097826087,0.11704936090982286,District of Columbia
12,2026-01-17,512.6842336956521,0.07508556439596545,Florida
13,2026-01-17,114.56613043478262,0.08212625837618825,Georgia
15,2026-01-17,24.484435326086956,0.16002898905939186,Hawaii
16,2026-01-17,21.385433695652175,0.05031866751918159,Idaho
17,2026-01-17,268.22875,0.10767914492171818,Illinois
18,2026-01-17,127.30513152173914,0.09198347653304852,Indiana
19,2026-01-17,32.600925000000004,0.0341013859832636,Iowa
20,2026-01-17,28.274120108695655,0.03382071783336801,Kansas
21,2026-01-17,36.81147282608696,0.031706694940643376,Kentucky
22,2026-01-17,52.70828315217391,0.04137227876936728,Louisiana
23,2026-01-17,33.27132173913043,0.09902179089026913,Maine
24,2026-01-17,202.52761521739131,0.3096752526259806,Maryland
25,2026-01-17,201.94620760869566,0.17966744449172212,Massachusetts
26,2026-01-17,121.76713097826087,0.07697037356400813,Michigan
27,2026-01-17,65.74639076086956,0.05777362984259188,Minnesota
28,2026-01-17,24.699288586956527,0.04193427603897543,Mississippi
29,2026-01-17,55.727673913043475,0.029039955139678726,Missouri
30,2026-01-17,22.567057608695652,0.07303254889545518,Montana
31,2026-01-17,14.752801630434783,0.027219191200064177,Nebraska
32,2026-01-17,21.13118804347826,0.04748581582804103,Nevada
33,2026-01-17,30.098099456521734,0.0787908362736171,New Hampshire
34,2026-01-17,175.71028260869568,0.11321538827879876,New Jersey
35,2026-01-17,27.18461902173913,0.04889319967938693,New Mexico
36,2026-01-17,154.9839690217391,0.058862122682012574,New York
37,2026-01-17,146.37814456521738,0.07329902081382944,North Carolina
38,2026-01-17,6.620284782608697,0.024610724098917087,North Dakota
39,2026-01-17,122.57185163043481,0.04529632358848293,Ohio
40,2026-01-17,30.565745652173913,0.03656189671312669,Oklahoma
41,2026-01-17,86.96487065217391,0.059851941260959336,Oregon
42,2026-01-17,98.83170326086956,0.01984572354635935,Pennsylvania
44,2026-01-17,25.01891684782609,0.12635816589811158,Rhode Island
45,2026-01-17,93.68562554347827,0.08871744843132412,South Carolina
46,2026-01-17,6.809403804347827,0.025891269218052574,South Dakota
47,2026-01-17,80.27954782608697,0.060910127333905134,Tennessee
48,2026-01-17,160.32035326086958,0.030243416951682624,Texas
49,2026-01-17,35.83895217391305,0.1089329853310427,Utah
50,2026-01-17,12.441321739130434,0.10282084081925978,Vermont
51,2026-01-17,287.84117282608696,0.18333832664081973,Virginia
53,2026-01-17,39.26906413043479,0.03656337442312364,Washington
54,2026-01-17,19.562208695652174,0.026871165790731007,West Virginia
55,2026-01-17,86.31898532608695,0.06328371358217517,Wisconsin
56,2026-01-17,27.115382065217393,0.3615384275362319,Wyoming
US,2026-01-24,2201.8496978260873,0.03380855402254192,United States
01,2026-01-24,109.1442195652174,0.08369955488130168,Alabama
02,2026-01-24,4.228441847826088,0.04974637468030691,Alaska
04,2026-01-24,78.00946902173914,0.06383753602433645,Arizona
05,2026-01-24,118.18548586956521,0.13694726056728299,Arkansas
06,2026-01-24,190.5856347826087,0.02541819615665627,California
08,2026-01-24,18.73781141304348,0.03275841156126483,Colorado
09,2026-01-24,27.180128804347827,0.09470428154825027,Connecticut
10,2026-01-24,6.087503260869565,0.022217165185655346,Delaware
11,2026-01-24,4.642304891304349,0.06928813270603505,District of Columbia
12,2026-01-24,335.0316315217392,0.04452839334419713,Florida
13,2026-01-24,79.74818097826088,0.053558214223143635,Georgia
15,2026-01-24,12.574678260869568,0.09979903381642515,Hawaii
16,2026-01-24,12.554514673913042,0.029820699938035728,Idaho
17,2026-01-24,85.26336086956522,0.03711944312998051,Illinois
18,2026-01-24,64.25428315217391,0.05031658821626775,Indiana
19,2026-01-24,25.06524130434783,0.027333959982931113,Iowa
20,2026-01-24,25.597949999999997,0.029593005780346817,Kansas
21,2026-01-24,25.07849891304348,0.023771089017102825,Kentucky
22,2026-01-24,137.69319402173915,0.09814197720722675,Louisiana
23,2026-01-24,11.917870652173916,0.04497309680065628,Maine
24,2026-01-24,48.32492554347826,0.10738872342995169,Maryland
25,2026-01-24,70.07738695652174,0.10141445290379411,Massachusetts
26,2026-01-24,36.88442173913043,0.027711811975304607,Michigan
27,2026-01-24,34.17168858695651,0.03702241450374487,Minnesota
28,2026-01-24,37.66192119565217,0.05458249448645242,Mississippi
29,2026-01-24,179.24605597826084,0.09071156679061783,Missouri
30,2026-01-24,14.232159239130436,0.044614919244922994,Montana
31,2026-01-24,35.765841847826096,0.0628573670436311,Nebraska
32,2026-01-24,15.321738586956524,0.03514160226366175,Nevada
33,2026-01-24,15.42145543478261,0.05354672025966184,New Hampshire
34,2026-01-24,33.2385625,0.030438244047619047,New Jersey
35,2026-01-24,22.381851630434788,0.045958627577894845,New Mexico
36,2026-01-24,41.701497282608706,0.02498591808424728,New York
37,2026-01-24,42.47599782608696,0.0261551710751767,North Carolina
38,2026-01-24,11.216385326086954,0.05471407476139977,North Dakota
39,2026-01-24,90.70190652173915,0.03817420308154004,Ohio
40,2026-01-24,86.97906793478262,0.08594769558772986,Oklahoma
41,2026-01-24,111.64762336956522,0.06766522628458499,Oregon
42,2026-01-24,96.7207766304348,0.024819290898238335,Pennsylvania
44,2026-01-24,6.6053369565217395,0.051204162453656894,Rhode Island
45,2026-01-24,41.75915815217392,0.042180967830478706,South Carolina
46,2026-01-24,15.180241847826085,0.06543207693028485,South Dakota
47,2026-01-24,45.60032391304349,0.03438938454980655,Tennessee
48,2026-01-24,315.1016983695652,0.0579124606450221,Texas
49,2026-01-24,10.755119565217392,0.03491921936758893,Utah
50,2026-01-24,3.9200788043478267,0.03500070361024845,Vermont
51,2026-01-24,40.37088043478261,0.030491601536844874,Virginia
53,2026-01-24,29.596446195652174,0.02589365371448134,Washington
54,2026-01-24,58.25282989130435,0.08554013199897849,West Virginia
55,2026-01-24,48.228214673913044,0.041220696302489784,Wisconsin
56,2026-01-24,7.4192320652173915,0.09511835981047938,Wyoming
US,2026-01-31,4148.120977717391,0.06580245526923637,United States
01,2026-01-31,226.2282347826087,0.16310615341211873,Alabama
02,2026-01-31,2.3793836956521743,0.035513189487345886,Alaska
04,2026-01-31,123.25160652173913,0.08944238499400518,Arizona
05,2026-01-31,71.97148423913045,0.0828210405513584,Arkansas
06,2026-01-31,175.81669619565218,0.02363127637038336,California
08,2026-01-31,31.451126630434782,0.061911666595344056,Colorado
09,2026-01-31,9.260350543478262,0.04561749036196188,Connecticut
10,2026-01-31,8.731439673913044,0.03933080934195065,Delaware
11,2026-01-31,2.838484782608695,0.06923133616118768,District of Columbia
12,2026-01-31,730.4803657608697,0.09110505933660136,Florida
13,2026-01-31,150.73121739130437,0.09845278732286374,Georgia
15,2026-01-31,5.661582065217391,0.05605526797244941,Hawaii
16,2026-01-31,21.491978260869566,0.04851462361370105,Idaho
17,2026-01-31,180.3978472826087,0.08118714999217314,Illinois
18,2026-01-31,152.85227282608696,0.11579717638339922,Indiana
19,2026-01-31,42.54720054347826,0.04862537204968944,Iowa
20,2026-01-31,30.48542445652173,0.036205967288030556,Kansas
21,2026-01-31,64.74593913043479,0.06378910259156137,Kentucky
22,2026-01-31,160.26962554347827,0.11358584375866639,Louisiana
23,2026-01-31,10.29183152173913,0.04235321613884416,Maine
24,2026-01-31,12.82970434782609,0.036551864238820765,Maryland
25,2026-01-31,19.490605434782612,0.03691402544466404,Massachusetts
26,2026-01-31,100.29399510869564,0.07966163233415063,Michigan
27,2026-01-31,54.507940760869566,0.06899739336818933,Minnesota
28,2026-01-31,90.82849347826087,0.11325248563374173,Mississippi
29,2026-01-31,194.95771358695654,0.0993162066158719,Missouri
30,2026-01-31,27.825176086956528,0.09034148080180691,Montana
31,2026-01-31,31.89633097826087,0.056453683147364375,Nebraska
32,2026-01-31,27.20170489130435,0.06340723750886795,Nevada
33,2026-01-31,11.08356847826087,0.04926030434782609,New Hampshire
34,2026-01-31,42.223402173913044,0.045696322699040094,New Jersey
35,2026-01-31,34.709920108695655,0.07835196412798116,New Mexico
36,2026-01-31,66.7217,0.05124554531490015,New York
37,2026-01-31,81.06779239130435,0.05769949636391769,North Carolina
38,2026-01-31,11.137010326086955,0.07185167952314164,North Dakota
39,2026-01-31,267.99297228260866,0.11576370292985255,Ohio
40,2026-01-31,104.12929945652175,0.09466299950592887,Oklahoma
41,2026-01-31,173.36874239130438,0.10114862449901073,Oregon
42,2026-01-31,165.6019157608696,0.048154090072948415,Pennsylvania
44,2026-01-31,3.8571576086956525,0.04333884953590621,Rhode Island
45,2026-01-31,86.30580652173913,0.08570586546349467,South Carolina
46,2026-01-31,19.589179891304347,0.08904172677865613,South Dakota
47,2026-01-31,101.27155869565219,0.07585884546490801,Tennessee
48,2026-01-31,335.2279027173913,0.06574385226856076,Texas
49,2026-01-31,24.658122282608698,0.08330446717097532,Utah
50,2026-01-31,5.220253260869564,0.049247672272354374,Vermont
51,2026-01-31,37.61631304347826,0.032455835240274594,Virginia
53,2026-01-31,25.107859239130438,0.022082549902489392,Washington
54,2026-01-31,50.83872663043479,0.07918804771095762,West Virginia
55,2026-01-31,91.28890054347826,0.08595941670760665,Wisconsin
56,2026-01-31,4.969977173913044,0.06808187909469923,Wyoming
US,2026-02-07,5189.264516304348,0.08878581477756511,United States
01,2026-02-07,134.10825271739128,0.1027649446110278,Alabama
02,2026-02-07,2.1292434782608693,0.04839189723320158,Alaska
04,2026-02-07,65.3079804347826,0.04668190166889393,Arizona
05,2026-02-07,60.08248586956522,0.0765381985599557,Arkansas
06,2026-02-07,169.0692918478261,0.02379581869779396,California
08,2026-02-07,47.615952717391295,0.09982380024610335,Colorado
09,2026-02-07,6.497361413043479,0.04086390825813509,Connecticut
10,2026-02-07,15.460341847826086,0.08223586089269194,Delaware
11,2026-02-07,1.3123570652173915,0.04233409887798037,District of Columbia
12,2026-02-07,707.5909983695653,0.0913846052395151,Florida
13,2026-02-07,165.1300483695652,0.11475333451672357,Georgia
15,2026-02-07,2.8762451086956524,0.03424101319875777,Hawaii
16,2026-02-07,45.58666847826087,0.10175595642468944,Idaho
17,2026-02-07,220.0162239130435,0.10875740183541448,Illinois
18,2026-02-07,196.6525222826087,0.15399571047972488,Indiana
19,2026-02-07,54.04875815217391,0.07010215065132804,Iowa
20,2026-02-07,32.743135326086964,0.043196748451302065,Kansas
21,2026-02-07,72.68280000000001,0.07891726384364822,Kentucky
22,2026-02-07,183.85898260869567,0.1405649714133759,Louisiana
23,2026-02-07,15.003783695652176,0.06914186034862754,Maine
24,2026-02-07,10.135497282608696,0.03672281624133586,Maryland
25,2026-02-07,14.35073097826087,0.038065599411832546,Massachusetts
26,2026-02-07,173.92756739130434,0.1426805310839248,Michigan
27,2026-02-07,83.43937173913044,0.11669842201276984,Minnesota
28,2026-02-07,110.1901945652174,0.13421460970184823,Mississippi
29,2026-02-07,211.28658423913043,0.11539409297604065,Missouri
30,2026-02-07,30.5912902173913,0.11083800803402645,Montana
31,2026-02-07,39.403277717391305,0.07577553407190636,Nebraska
32,2026-02-07,10.117920652173913,0.02648670327794218,Nevada
33,2026-02-07,13.324030434782609,0.06405783862876255,New Hampshire
34,2026-02-07,92.73970271739132,0.10962139801110085,New Jersey
35,2026-02-07,51.04193097826087,0.1181526180052335,New Mexico
36,2026-02-07,124.54149347826088,0.10335393649648206,New York
37,2026-02-07,116.94590217391305,0.09705054122316437,North Carolina
38,2026-02-07,2.939707608695653,0.026247389363354044,North Dakota
39,2026-02-07,366.2450233695652,0.16445667865719138,Ohio
40,2026-02-07,126.31779130434784,0.12099405297351325,Oklahoma
41,2026-02-07,69.22528206521739,0.046805464547138194,Oregon
42,2026-02-07,299.900935326087,0.09360203973972753,Pennsylvania
44,2026-02-07,5.292832608695652,0.06454673913043478,Rhode Island
45,2026-02-07,101.38195326086958,0.10889576075281372,South Carolina
46,2026-02-07,13.039275,0.06268882211538461,South Dakota
47,2026-02-07,134.0620940217391,0.11079511902623067,Tennessee
48,2026-02-07,343.347960326087,0.07537825693218156,Texas
49,2026-02-07,29.53746793478261,0.10819585324096195,Utah
50,2026-02-07,5.090078804347827,0.0547320301542777,Vermont
51,2026-02-07,56.70716793478262,0.05745407085590944,Virginia
53,2026-02-07,21.581670652173912,0.02097344086703004,Washington
54,2026-02-07,25.666541304347824,0.046079966435094835,West Virginia
55,2026-02-07,134.92028913043478,0.13492028913043477,Wisconsin
56,2026-02-07,7.691852173913043,0.09861348940914158,Wyoming
US,2026-02-14,1747.2966961956522,0.03365104183413551,United States
01,2026-02-14,44.43627826086957,0.04058107603732381,Alabama
02,2026-02-14,4.753061413043478,0.10802412302371542,Alaska
04,2026-02-14,27.83092282608696,0.021574358779912373,Arizona
05,2026-02-14,44.206932065217394,0.06510593824037908,Arkansas
06,2026-02-14,224.83794130434785,0.037441788726785656,California
08,2026-02-14,23.163293478260872,0.049920891116941535,Colorado
09,2026-02-14,6.930796739130434,0.04950569099378881,Connecticut
10,2026-02-14,12.219587500000001,0.07273563988095239,Delaware
11,2026-02-14,2.211630434782609,0.06701910408432149,District of Columbia
12,2026-02-14,329.8607548913044,0.04810569562364072,Florida
13,2026-02-14,60.74754945652174,0.04665710403726708,Georgia
15,2026-02-14,2.663235869565218,0.03804622670807454,Hawaii
16,2026-02-14,12.116951630434782,0.029625798607420005,Idaho
17,2026-02-14,100.26004076086959,0.0535577140816611,Illinois
18,2026-02-14,29.261061956521743,0.02408317856503847,Indiana
19,2026-02-14,17.32769184782609,0.028083779331970975,Iowa
20,2026-02-14,15.92194891304348,0.024878045176630437,Kansas
21,2026-02-14,24.70815434782609,0.02739263231466307,Kentucky
22,2026-02-14,41.99358097826087,0.035953408371798695,Louisiana
23,2026-02-14,11.412959239130435,0.06202695238657845,Maine
24,2026-02-14,10.719046195652174,0.04580788972500929,Maryland
25,2026-02-14,14.558799456521738,0.04320118533092504,Massachusetts
26,2026-02-14,29.368854347826087,0.025252669258663873,Michigan
27,2026-02-14,81.36935163043478,0.1180977527292232,Minnesota
28,2026-02-14,34.39712989130435,0.04549884906257189,Mississippi
29,2026-02-14,118.06281304347826,0.07491295243875525,Missouri
30,2026-02-14,8.863210869565219,0.038535699432892256,Montana
31,2026-02-14,13.843357065217392,0.031750818956920626,Nebraska
32,2026-02-14,9.06407989130435,0.02681680441214305,Nevada
33,2026-02-14,10.906775000000001,0.05992733516483517,New Hampshire
34,2026-02-14,18.566196739130437,0.022724843009951576,New Jersey
35,2026-02-14,56.14487173913044,0.16809841838063005,New Mexico
36,2026-02-14,51.56308315217391,0.044184304329197864,New York
37,2026-02-14,40.081309239130434,0.039141903553838314,North Carolina
38,2026-02-14,3.9641320652173913,0.040867340878529806,North Dakota
39,2026-02-14,72.69177499999999,0.033467668047882135,Ohio
40,2026-02-14,32.79752826086956,0.035040094295800815,Oklahoma
41,2026-02-14,55.082496195652176,0.05231006286386721,Oregon
42,2026-02-14,221.53044076086957,0.06890526928798431,Pennsylvania
44,2026-02-14,4.410350543478261,0.058804673913043476,Rhode Island
45,2026-02-14,54.72159565217392,0.07088289592250507,South Carolina
46,2026-02-14,4.80859945652174,0.025175913384930575,South Dakota
47,2026-02-14,56.72838804347826,0.05199668931574543,Tennessee
48,2026-02-14,232.45687934782612,0.05981906313634228,Texas
49,2026-02-14,16.991258152173913,0.08453362264763141,Utah
50,2026-02-14,3.226029891304348,0.04244776172768879,Vermont
51,2026-02-14,61.58012119565218,0.06880460468787954,Virginia
53,2026-02-14,47.07209728260869,0.055184170319588145,Washington
54,2026-02-14,23.639790217391305,0.046811465777012486,West Virginia
55,2026-02-14,56.52687391304348,0.06408942620526471,Wisconsin
56,2026-02-14,5.111906521739131,0.07629711226476316,Wyoming
US,2026-02-21,1676.0023847826087,0.03872374447869986,United States
01,2026-02-21,56.754544021739136,0.07438341287252835,Alabama
02,2026-02-21,3.374252717391304,0.08033935041407866,Alaska
04,2026-02-21,33.23923315217392,0.031035698554784236,Arizona
05,2026-02-21,50.033425,0.10358887163561077,Arkansas
06,2026-02-21,215.26339510869565,0.04757202101849627,California
08,2026-02-21,10.438708695652174,0.023405176447650614,Colorado
09,2026-02-21,6.978822282608695,0.048464043629227044,Connecticut
10,2026-02-21,15.770454891304349,0.09981300564116677,Delaware
11,2026-02-21,2.9749749999999993,0.09296796874999998,District of Columbia
12,2026-02-21,123.57055326086959,0.02416318992195338,Florida
13,2026-02-21,83.74145543478262,0.08283032189394918,Georgia
15,2026-02-21,3.2157244565217398,0.04872309782608697,Hawaii
16,2026-02-21,7.349140760869565,0.01997049119801512,Idaho
17,2026-02-21,79.50136847826089,0.051126281979588996,Illinois
18,2026-02-21,55.27576358695652,0.046646213997431664,Indiana
19,2026-02-21,20.95256413043478,0.04132655647028556,Iowa
20,2026-02-21,32.653139673913046,0.06746516461552282,Kansas
21,2026-02-21,52.740859782608695,0.05860095531400966,Kentucky
22,2026-02-21,25.70914510869565,0.029148690599428175,Louisiana
23,2026-02-21,13.830911956521739,0.08281983207498048,Maine
24,2026-02-21,8.775490760869566,0.04239367517328293,Maryland
25,2026-02-21,12.940866847826088,0.04174473176718093,Massachusetts
26,2026-02-21,50.94290815217391,0.04643838482422417,Michigan
27,2026-02-21,57.09464130434783,0.09223690033012574,Minnesota
28,2026-02-21,58.103990217391306,0.09478628094191077,Mississippi
29,2026-02-21,41.59403260869565,0.03417751241470472,Missouri
30,2026-02-21,6.94841902173913,0.03676412180814354,Montana
31,2026-02-21,24.205303804347828,0.07161332486493441,Nebraska
32,2026-02-21,7.362807608695654,0.027371032002586074,Nevada
33,2026-02-21,5.339550543478261,0.03733951429005777,New Hampshire
34,2026-02-21,96.23391032608697,0.1210489438063987,New Jersey
35,2026-02-21,53.22765760869565,0.16791059182553833,New Mexico
36,2026-02-21,96.1822206521739,0.08234779165425847,New York
37,2026-02-21,28.291894021739132,0.03157577457783385,North Carolina
38,2026-02-21,3.872069565217392,0.04350639960918418,North Dakota
39,2026-02-21,109.8307722826087,0.05329003992363353,Ohio
40,2026-02-21,45.619607065217394,0.06443447325595678,Oklahoma
41,2026-02-21,54.54273369565218,0.07224203138496978,Oregon
42,2026-02-21,200.4389277173913,0.06033682351516896,Pennsylvania
44,2026-02-21,5.471763586956522,0.07295684782608695,Rhode Island
45,2026-02-21,35.86520163043478,0.05879541250890948,South Carolina
46,2026-02-21,6.044185869565217,0.03685479188759279,South Dakota
47,2026-02-21,18.28789402173913,0.019372769090825352,Tennessee
48,2026-02-21,209.83311847826087,0.07055585691938833,Texas
49,2026-02-21,13.081897282608693,0.08960203618225132,Utah
50,2026-02-21,2.312698913043479,0.0367095065562457,Vermont
51,2026-02-21,32.74866304347826,0.04083374444323973,Virginia
53,2026-02-21,21.133216847826088,0.03158926285175798,Washington
54,2026-02-21,44.06920000000001,0.09049117043121152,West Virginia
55,2026-02-21,26.831719565217387,0.03475611342644739,Wisconsin
56,2026-02-21,3.4073929347826093,0.06953863132209406,Wyoming
US,2026-02-28,1375.7740652173914,0.039718634598342614,United States
01,2026-02-28,54.91969347826087,0.11254035548823949,Alabama
02,2026-02-28,2.7057423913043483,0.06149414525691701,Alaska
04,2026-02-28,20.307956521739133,0.023807686426423367,Arizona
05,2026-02-28,20.191117934782607,0.05671662341231069,Arkansas
06,2026-02-28,165.16765489130438,0.045127774560465676,California
08,2026-02-28,10.959910326086957,0.025848845108695655,Colorado
09,2026-02-28,4.76578097826087,0.03332713970811797,Connecticut
10,2026-02-28,13.149515217391304,0.09886853546910755,Delaware
11,2026-02-28,3.3514152173913043,0.12890058528428094,District of Columbia
12,2026-02-28,108.41258532608697,0.03022374834850487,Florida
13,2026-02-28,118.96503695652174,0.16341351230291448,Georgia
15,2026-02-28,4.941308695652174,0.07059012422360249,Hawaii
16,2026-02-28,8.32994293478261,0.027859340919005382,Idaho
17,2026-02-28,95.9080625,0.08260815030146426,Illinois
18,2026-02-28,34.884306521739134,0.03450475422526126,Indiana
19,2026-02-28,16.2620125,0.04325003324468085,Iowa
20,2026-02-28,38.40700760869565,0.1132950076952674,Kansas
21,2026-02-28,32.189609239130434,0.04132170634034715,Kentucky
22,2026-02-28,27.187194565217396,0.042613157625732596,Louisiana
23,2026-02-28,5.574182065217391,0.04159837362102531,Maine
24,2026-02-28,11.54998152173913,0.06111101334253508,Maryland
25,2026-02-28,12.204978804347826,0.047490189900186094,Massachusetts
26,2026-02-28,21.027390217391304,0.022831042581315204,Michigan
27,2026-02-28,37.765961413043485,0.07032767488462474,Minnesota
28,2026-02-28,44.68655869565218,0.09930346376811595,Mississippi
29,2026-02-28,25.704573369565217,0.028560637077294684,Missouri
30,2026-02-28,6.938113586956522,0.04081243286445013,Montana
31,2026-02-28,19.598262499999997,0.0823456407563025,Nebraska
32,2026-02-28,4.594885869565218,0.020241787971652943,Nevada
33,2026-02-28,8.31172989130435,0.07227591209829869,New Hampshire
34,2026-02-28,49.75910489130434,0.06863324812593702,New Jersey
35,2026-02-28,6.998251630434784,0.025823806754371896,New Mexico
36,2026-02-28,32.31304565217391,0.029509630732578916,New York
37,2026-02-28,30.912310869565218,0.0456607250658275,North Carolina
38,2026-02-28,5.194992934782609,0.057087834448160533,North Dakota
39,2026-02-28,38.9685472826087,0.02354595001970314,Ohio
40,2026-02-28,37.53943260869566,0.07205265375949263,Oklahoma
41,2026-02-28,30.09244456521739,0.06079281730346948,Oregon
42,2026-02-28,171.0544570652174,0.052958036243101365,Pennsylvania
44,2026-02-28,3.4203597826086956,0.05262091973244147,Rhode Island
45,2026-02-28,18.45899402173913,0.04557776301663983,South Carolina
46,2026-02-28,4.077691847826087,0.029983028292838877,South Dakota
47,2026-02-28,72.04475706521738,0.09380827742866847,Tennessee
48,2026-02-28,94.36507391304349,0.04017244525885206,Texas
49,2026-02-28,10.52973913043478,0.08099799331103677,Utah
50,2026-02-28,1.9489989130434784,0.041468061979648474,Vermont
51,2026-02-28,23.304409782608698,0.03839276735190889,Virginia
53,2026-02-28,9.412820652173915,0.018171468440490182,Washington
54,2026-02-28,15.788165217391306,0.03869648337595908,West Virginia
55,2026-02-28,16.849892391304348,0.02572502655160969,Wisconsin
56,2026-02-28,1.8385347826086955,0.03752111801242236,Wyoming
US,2026-03-07,1263.5536190217392,0.047173926414849326,United States
01,2026-03-07,33.143468478260864,0.0938908455474812,Alabama
02,2026-03-07,3.037391304347826,0.06327898550724638,Alaska
04,2026-03-07,11.865701086956523,0.01709755199849643,Arizona
05,2026-03-07,13.537265760869564,0.051668953285761696,Arkansas
06,2026-03-07,121.24446902173915,0.043738985938578334,California
08,2026-03-07,12.173088586956524,0.035803201726342715,Colorado
09,2026-03-07,4.651265217391304,0.032077691154422786,Connecticut
10,2026-03-07,5.562392934782609,0.057344257059614524,Delaware
11,2026-03-07,3.411847826086957,0.1624689440993789,District of Columbia
12,2026-03-07,111.3007097826087,0.042529885281852774,Florida
13,2026-03-07,46.31083858695653,0.0867244168295066,Georgia
15,2026-03-07,5.735776630434783,0.08962150985054348,Hawaii
16,2026-03-07,9.204288043478261,0.03835120018115942,Idaho
17,2026-03-07,29.03232119565218,0.03193874718993639,Illinois
18,2026-03-07,28.317620108695657,0.036444813524704835,Indiana
19,2026-03-07,11.427698369565217,0.04009718726163234,Iowa
20,2026-03-07,16.66288641304348,0.07372958589842248,Kansas
21,2026-03-07,38.09981739130435,0.05879601449275362,Kentucky
22,2026-03-07,12.47974945652174,0.027071040035838913,Louisiana
23,2026-03-07,7.330878260869565,0.07258295307791648,Maine
24,2026-03-07,14.248280978260869,0.08905175611413044,Maryland
25,2026-03-07,5.903169565217392,0.026955112169942428,Massachusetts
26,2026-03-07,17.982252173913047,0.024803106446776618,Michigan
27,2026-03-07,32.284766304347826,0.07387818376280968,Minnesota
28,2026-03-07,19.384094021739134,0.05873967885375495,Mississippi
29,2026-03-07,21.150294021739132,0.03233989911580907,Missouri
30,2026-03-07,5.111408152173913,0.03758388347186701,Montana
31,2026-03-07,6.214333695652174,0.03634113272311213,Nebraska
32,2026-03-07,5.152223369565218,0.02525599690963342,Nevada
33,2026-03-07,3.7348706521739135,0.03811092502218279,New Hampshire
34,2026-03-07,24.973377173913047,0.04396721333435395,New Jersey
35,2026-03-07,6.924285869565217,0.03644360983981693,New Mexico
36,2026-03-07,21.91599239130435,0.022570537993104378,New York
37,2026-03-07,21.819258152173916,0.044803404829925904,North Carolina
38,2026-03-07,4.551691304347827,0.051723764822134394,North Dakota
39,2026-03-07,42.24404673913043,0.03540993020882685,Ohio
40,2026-03-07,12.752367934782608,0.03532511893291581,Oklahoma
41,2026-03-07,16.89645108695652,0.052473450580610315,Oregon
42,2026-03-07,117.43961847826087,0.04192774668984679,Pennsylvania
44,2026-03-07,2.325484239130435,0.04387706111566858,Rhode Island
45,2026-03-07,21.83482880434783,0.09252046103537216,South Carolina
46,2026-03-07,5.055500000000001,0.05055500000000001,South Dakota
47,2026-03-07,14.248001630434784,0.023707157454966363,Tennessee
48,2026-03-07,68.25441195652174,0.03748182973998997,Texas
49,2026-03-07,10.101609782608696,0.10633273455377575,Utah
50,2026-03-07,2.11984347826087,0.048178260869565226,Vermont
51,2026-03-07,23.10799293478261,0.05373951845298282,Virginia
53,2026-03-07,12.019911413043479,0.03196784950277521,Washington
54,2026-03-07,19.09333532608696,0.06385730878289954,West Virginia
55,2026-03-07,12.01485597826087,0.021845192687747036,Wisconsin
56,2026-03-07,1.7721510869565218,0.04663555491990847,Wyoming
US,2026-03-14,517.0568842391303,0.025739590015886615,United States
01,2026-03-14,23.54703695652174,0.09893713006941908,Alabama
02,2026-03-14,1.2197891304347828,0.03127664437012263,Alaska
04,2026-03-14,9.781516304347827,0.01842093465978875,Arizona
05,2026-03-14,15.390302717391306,0.08695086281012038,Arkansas
06,2026-03-14,86.9097777173913,0.04124811472111594,California
08,2026-03-14,15.681937499999998,0.05702522727272727,Colorado
09,2026-03-14,4.678733695652174,0.03271841745211311,Connecticut
10,2026-03-14,5.4991141304347835,0.07533033055390115,Delaware
11,2026-03-14,1.4484804347826081,0.1448480434782608,District of Columbia
12,2026-03-14,155.57602119565217,0.08759911103358793,Florida
13,2026-03-14,13.928438586956524,0.036557581593061744,Georgia
15,2026-03-14,5.109023913043478,0.10643799818840578,Hawaii
16,2026-03-14,4.682628260869565,0.02364963768115942,Idaho
17,2026-03-14,42.22940054347826,0.06692456504513196,Illinois
18,2026-03-14,29.12794456521739,0.05344576984443558,Indiana
19,2026-03-14,9.295418478260869,0.040769379290617844,Iowa
20,2026-03-14,13.91890597826087,0.10086163752362949,Kansas
21,2026-03-14,23.078247282608697,0.05038918620656921,Kentucky
22,2026-03-14,14.010705434782608,0.04654719413549039,Louisiana
23,2026-03-14,4.40204891304348,0.059487147473560535,Maine
24,2026-03-14,11.929594565217391,0.09778356200997862,Maryland
25,2026-03-14,4.656274456521739,0.026607282608695652,Massachusetts
26,2026-03-14,15.5385375,0.02794700989208633,Michigan
27,2026-03-14,18.610135326086958,0.05945730136130019,Minnesota
28,2026-03-14,15.190193478260873,0.07131546233925293,Mississippi
29,2026-03-14,17.156932608695655,0.038296724572981375,Missouri
30,2026-03-14,4.918047826086957,0.043911141304347825,Montana
31,2026-03-14,3.283278804347826,0.0258525890106128,Nebraska
32,2026-03-14,8.704492391304347,0.04890164264777723,Nevada
33,2026-03-14,2.7733233695652175,0.03466654211956522,New Hampshire
34,2026-03-14,22.612383695652174,0.04915735586011342,New Jersey
35,2026-03-14,4.926138586956522,0.0370386359921543,New Mexico
36,2026-03-14,23.39980054347826,0.025188159896101465,New York
37,2026-03-14,17.214102717391306,0.053626488216172295,North Carolina
38,2026-03-14,2.295472826086957,0.032330603184323334,North Dakota
39,2026-03-14,41.80123913043478,0.054357918245038724,Ohio
40,2026-03-14,11.079448913043478,0.04414123072925689,Oklahoma
41,2026-03-14,15.960023369565219,0.08489374132747457,Oregon
42,2026-03-14,78.74599021739131,0.03235250214354614,Pennsylvania
44,2026-03-14,2.0711820652173913,0.03983042433110368,Rhode Island
45,2026-03-14,20.877823369565217,0.13645636189258312,South Carolina
46,2026-03-14,6.088996739130436,0.08576051745254135,South Dakota
47,2026-03-14,20.10643804347826,0.04323965170640486,Tennessee
48,2026-03-14,43.90741358695652,0.034437187127024725,Texas
49,2026-03-14,8.08152391304348,0.10229777105118329,Utah
50,2026-03-14,1.8919086956521738,0.05255301932367149,Vermont
51,2026-03-14,38.68265489130435,0.14326909219001613,Virginia
53,2026-03-14,13.623488586956523,0.04990288859691034,Washington
54,2026-03-14,11.120382608695653,0.051722709807886756,West Virginia
55,2026-03-14,11.203253260869564,0.024622534639273767,Wisconsin
56,2026-03-14,1.9485119565217393,0.05127663043478261,Wyoming
US,2026-03-21,308.8894603260869,0.021258737806337708,United States
01,2026-03-21,14.49548641304348,0.08732220730749084,Alabama
02,2026-03-21,1.312791847826087,0.0364664402173913,Alaska
04,2026-03-21,9.140576630434783,0.022737752812026824,Arizona
05,2026-03-21,10.124270108695653,0.09374324174718197,Arkansas
06,2026-03-21,34.339954891304345,0.02025956040784917,California
08,2026-03-21,23.896496195652176,0.12577103260869565,Colorado
09,2026-03-21,4.62780054347826,0.034027945172634265,Connecticut
10,2026-03-21,8.083314673913042,0.19715401643690347,Delaware
11,2026-03-21,1.295341847826087,0.431780615942029,District of Columbia
12,2026-03-21,106.44995163043477,0.08945374086591157,Florida
13,2026-03-21,20.744461413043478,0.07654782809241135,Georgia
15,2026-03-21,3.887513586956522,0.11780344202898552,Hawaii
16,2026-03-21,10.385103804347827,0.07525437539382483,Idaho
17,2026-03-21,18.390356521739132,0.03776253905901259,Illinois
18,2026-03-21,20.684001086956524,0.06248942926572968,Indiana
19,2026-03-21,6.462498913043478,0.04859021739130435,Iowa
20,2026-03-21,5.472017391304348,0.06289675162418791,Kansas
21,2026-03-21,37.347476086956526,0.13630465725166616,Kentucky
22,2026-03-21,19.423932608695655,0.10556485113421551,Louisiana
23,2026-03-21,3.9058869565217393,0.0781177391304348,Maine
24,2026-03-21,11.471967391304348,0.14339959239130434,Maryland
25,2026-03-21,6.845223369565217,0.039797810288169866,Massachusetts
26,2026-03-21,11.509384782608697,0.028003369300751087,Michigan
27,2026-03-21,17.82602989130435,0.08570206678511708,Minnesota
28,2026-03-21,17.575667391304346,0.13948942374051068,Mississippi
29,2026-03-21,43.145182608695656,0.16342872200263506,Missouri
30,2026-03-21,5.336875,0.07624107142857144,Montana
31,2026-03-21,2.459232065217391,0.0299906349416755,Nebraska
32,2026-03-21,6.626863586956521,0.04477610531727379,Nevada
33,2026-03-21,3.4489739130434787,0.05306113712374583,New Hampshire
34,2026-03-21,29.724097826086954,0.08691256674294431,New Jersey
35,2026-03-21,3.964952173913043,0.04895002683843263,New Mexico
36,2026-03-21,20.25099945652174,0.024457728812224324,New York
37,2026-03-21,15.994674999999999,0.07689747596153845,North Carolina
38,2026-03-21,1.8413967391304344,0.031210114222549736,North Dakota
39,2026-03-21,37.969310326086955,0.09636880793423085,Ohio
40,2026-03-21,10.551691304347827,0.07483469010175764,Oklahoma
41,2026-03-21,18.250563586956524,0.20055564381270904,Oregon
42,2026-03-21,90.62923967391305,0.04800277525101327,Pennsylvania
44,2026-03-21,2.9132380434782603,0.05202210791925465,Rhode Island
45,2026-03-21,27.18747717391304,0.2955160562381852,South Carolina
46,2026-03-21,2.0527375,0.03365143442622951,South Dakota
47,2026-03-21,14.195723913043478,0.041875291778889316,Tennessee
48,2026-03-21,25.201133695652175,0.025980550201703274,Texas
49,2026-03-21,7.712080978260871,0.11684971179183137,Utah
50,2026-03-21,1.7793499999999993,0.06590185185185182,Vermont
51,2026-03-21,37.417386956521746,0.2201022762148338,Virginia
53,2026-03-21,9.395668478260868,0.04213304250341196,Washington
54,2026-03-21,6.477792391304348,0.0535354743083004,West Virginia
55,2026-03-21,11.941221195652172,0.03271567450863609,Wisconsin
56,2026-03-21,2.042520108695652,0.05673666968599034,Wyoming
US,2026-03-28,224.44978532608698,0.02161704568295165,United States
01,2026-03-28,9.088511956521739,0.06782471609344581,Alabama
02,2026-03-28,1.3482766304347829,0.04649229760119941,Alaska
04,2026-03-28,7.889911413043478,0.024128169458848558,Arizona
05,2026-03-28,3.5609510869565213,0.054783862876254176,Arkansas
06,2026-03-28,35.22568369565217,0.02965124890206412,California
08,2026-03-28,19.842935869565217,0.1756012023855329,Colorado
09,2026-03-28,5.4476853260869555,0.03947598062381852,Connecticut
10,2026-03-28,6.266935869565217,0.3298387299771167,Delaware
11,2026-03-28,1.1595652173913045,0.1656521739130435,District of Columbia
12,2026-03-28,57.84260163043478,0.06725883910515672,Florida
13,2026-03-28,9.49355,0.04564206730769231,Georgia
15,2026-03-28,3.3217413043478263,0.2555185618729097,Hawaii
16,2026-03-28,3.179621739130435,0.033469702517162477,Idaho
17,2026-03-28,20.96558097826087,0.054035002521290905,Illinois
18,2026-03-28,15.286614130434785,0.08263034665099883,Indiana
19,2026-03-28,5.9089875,0.07295046296296297,Iowa
20,2026-03-28,3.7043021739130433,0.07559800354924578,Kansas
21,2026-03-28,11.4842,0.06141283422459893,Kentucky
22,2026-03-28,19.02661195652174,0.17949633921246924,Louisiana
23,2026-03-28,4.7999385869565225,0.17777550322061195,Maine
24,2026-03-28,16.092216304347826,0.47330047953964194,Maryland
25,2026-03-28,7.645448369565217,0.042951957132388856,Massachusetts
26,2026-03-28,8.432190217391305,0.028487129112808464,Michigan
27,2026-03-28,18.61275652173913,0.1590833890746934,Minnesota
28,2026-03-28,9.327098913043477,0.12272498569794048,Mississippi
29,2026-03-28,11.473283152173911,0.06995904361081653,Missouri
30,2026-03-28,2.6681179347826087,0.06507604718981973,Montana
31,2026-03-28,1.990575,0.04062397959183674,Nebraska
32,2026-03-28,4.602522282608695,0.03835435235507246,Nevada
33,2026-03-28,2.8165255434782606,0.05992607539315448,New Hampshire
34,2026-03-28,28.18615,0.13421976190476193,New Jersey
35,2026-03-28,3.9594586956521742,0.0899876976284585,New Mexico
36,2026-03-28,18.942602717391306,0.02638245503814945,New York
37,2026-03-28,9.907811413043477,0.0733911956521739,North Carolina
38,2026-03-28,1.9336478260869563,0.042969951690821254,North Dakota
39,2026-03-28,26.639777717391304,0.16145319828722002,Ohio
40,2026-03-28,8.748158695652174,0.10800195920558239,Oklahoma
41,2026-03-28,9.3296375,0.17941610576923078,Oregon
42,2026-03-28,79.9578027173913,0.05274261392967764,Pennsylvania
44,2026-03-28,4.162535869565217,0.07433099767080745,Rhode Island
45,2026-03-28,16.10161413043478,0.37445614256825066,South Carolina
46,2026-03-28,2.0388222826086957,0.05227749442586399,South Dakota
47,2026-03-28,11.435852717391306,0.04745167102651994,Tennessee
48,2026-03-28,15.118835869565217,0.02226632675930076,Texas
49,2026-03-28,5.783496195652175,0.2628861907114625,Utah
50,2026-03-28,2.5586027173913046,0.10660844655797103,Vermont
51,2026-03-28,22.194582608695647,0.23119356884057965,Virginia
53,2026-03-28,7.742653260869565,0.04207963728733459,Washington
54,2026-03-28,6.896516847826086,0.0841038639978791,West Virginia
55,2026-03-28,6.958667934782608,0.02666156296851574,Wisconsin
56,2026-03-28,1.9024635869565218,0.06560219265367316,Wyoming
US,2026-04-04,221.49104021739134,0.024736546819007298,United States
01,2026-04-04,5.220183152173915,0.044616950018580466,Alabama
02,2026-04-04,1.3697282608695653,0.05478913043478261,Alaska
04,2026-04-04,7.864655434782611,0.029020868763035463,Arizona
05,2026-04-04,2.2600201086956524,0.05512244167550372,Arkansas
06,2026-04-04,28.371522282608694,0.02860032488166199,California
08,2026-04-04,7.633840217391306,0.0646935611643331,Colorado
09,2026-04-04,3.2623434782608696,0.02836820415879017,Connecticut
10,2026-04-04,1.2414130434782609,0.059114906832298135,Delaware
11,2026-04-04,0.8839130434782608,0.09821256038647343,District of Columbia
12,2026-04-04,55.276169565217394,0.07752618452344656,Florida
13,2026-04-04,4.411892934782609,0.023977678993383742,Georgia
15,2026-04-04,3.47924347826087,0.1288608695652174,Hawaii
16,2026-04-04,1.698371739130435,0.030879486166007906,Idaho
17,2026-04-04,40.44770543478261,0.11112006987577641,Illinois
18,2026-04-04,6.106494021739131,0.04070996014492754,Indiana
19,2026-04-04,3.7273163043478266,0.05324737577639752,Iowa
20,2026-04-04,1.4275336956521745,0.034817895015906694,Kansas
21,2026-04-04,5.7367,0.037010967741935484,Kentucky
22,2026-04-04,9.321827173913045,0.09050317644575771,Louisiana
23,2026-04-04,1.9869043478260868,0.0735890499194847,Maine
24,2026-04-04,4.398183695652174,0.12217176932367149,Maryland
25,2026-04-04,6.54759239130435,0.041179826360404716,Massachusetts
26,2026-04-04,7.804317391304349,0.03320986123959298,Michigan
27,2026-04-04,4.560096739130436,0.044272783875052776,Minnesota
28,2026-04-04,5.367776086956522,0.08387150135869566,Mississippi
29,2026-04-04,4.1482532608695655,0.034283084800574924,Missouri
30,2026-04-04,0.993167934782609,0.03103649796195653,Montana
31,2026-04-04,2.1128418478260866,0.04913585692618806,Nebraska
32,2026-04-04,4.561817934782609,0.043445885093167706,Nevada
33,2026-04-04,2.896759239130435,0.082764549689441,New Hampshire
34,2026-04-04,6.833401086956522,0.03577696904165718,New Jersey
35,2026-04-04,2.3030570652173914,0.06060676487414188,New Mexico
36,2026-04-04,32.26687608695652,0.053421980276418084,New York
37,2026-04-04,4.028570652173913,0.03873625627090301,North Carolina
38,2026-04-04,1.2618701086956519,0.034104597532314915,North Dakota
39,2026-04-04,10.78134891304348,0.07592499234537663,Ohio
40,2026-04-04,6.223102173913043,0.09574003344481605,Oklahoma
41,2026-04-04,4.9849499999999995,0.13118289473684208,Oregon
42,2026-04-04,46.03085217391304,0.03285571175868168,Pennsylvania
44,2026-04-04,3.5560869565217383,0.07257320319432119,Rhode Island
45,2026-04-04,7.027640217391305,0.17140585896076355,South Carolina
46,2026-04-04,1.5157788043478264,0.04458172953964196,South Dakota
47,2026-04-04,4.835375543478262,0.024298369565217397,Tennessee
48,2026-04-04,16.1434722826087,0.02913984166535866,Texas
49,2026-04-04,3.222300543478261,0.11934446457326892,Utah
50,2026-04-04,1.3492548913043478,0.08995032608695652,Vermont
51,2026-04-04,8.191410326086956,0.09869169067574646,Virginia
53,2026-04-04,5.832227717391305,0.03332701552795032,Washington
54,2026-04-04,7.1927467391304365,0.09719928025851941,West Virginia
55,2026-04-04,7.315660869565216,0.03891308973172987,Wisconsin
56,2026-04-04,2.089204891304347,0.08035403428093642,Wyoming
US,2026-04-11,214.92223695652177,0.027904730843485038,United States
01,2026-04-11,3.388469021739131,0.0316679347826087,Alabama
02,2026-04-11,1.4437657608695655,0.06875075051759835,Alaska
04,2026-04-11,12.028401086956523,0.04488209360804673,Arizona
05,2026-04-11,2.037407065217391,0.07836181020066889,Arkansas
06,2026-04-11,38.45082173913044,0.042961811999028425,California
08,2026-04-11,11.382395652173912,0.10162853260869564,Colorado
09,2026-04-11,3.3762880434782603,0.03751431159420289,Connecticut
10,2026-04-11,1.2881157608695657,0.07156198671497588,Delaware
11,2026-04-11,0.8331657608695654,0.09257397342995172,District of Columbia
12,2026-04-11,29.44981739130435,0.04343630883673208,Florida
13,2026-04-11,3.7362472826086965,0.028740363712374588,Georgia
15,2026-04-11,6.360547826086957,0.1382727788279773,Hawaii
16,2026-04-11,1.3419701086956521,0.03727694746376811,Idaho
17,2026-04-11,35.79000652173913,0.12384085301639837,Illinois
18,2026-04-11,6.214635326086958,0.05357444246626688,Indiana
19,2026-04-11,4.694202717391304,0.07571294705469846,Iowa
20,2026-04-11,1.1891847826086959,0.03836079943899019,Kansas
21,2026-04-11,5.99378152173913,0.04795025217391304,Kentucky
22,2026-04-11,5.6559961956521745,0.05491258442380752,Louisiana
23,2026-04-11,1.9962679347826089,0.07985071739130435,Maine
24,2026-04-11,2.272939130434782,0.05981418764302058,Maryland
25,2026-04-11,7.895085869565217,0.0512667913608131,Massachusetts
26,2026-04-11,6.939464673913044,0.03751061985898942,Michigan
27,2026-04-11,10.048817934782608,0.0966232493729097,Minnesota
28,2026-04-11,4.731485326086957,0.06481486748064325,Mississippi
29,2026-04-11,2.8161092391304345,0.033130696930946286,Missouri
30,2026-04-11,0.9382744565217387,0.05212635869565215,Montana
31,2026-04-11,1.7825565217391306,0.05570489130434783,Nebraska
32,2026-04-11,8.158482608695653,0.07094332703213611,Nevada
33,2026-04-11,3.7027445652173916,0.1948812929061785,New Hampshire
34,2026-04-11,7.663982608695654,0.04616856993190153,New Jersey
35,2026-04-11,4.444891304347827,0.11112228260869568,New Mexico
36,2026-04-11,16.62905760869565,0.03576141421224871,New York
37,2026-04-11,2.899410869565217,0.03535866914103923,North Carolina
38,2026-04-11,1.1896217391304347,0.037175679347826084,North Dakota
39,2026-04-11,6.718342391304349,0.05013688351719663,Ohio
40,2026-04-11,5.769254891304348,0.2136761070853462,Oklahoma
41,2026-04-11,4.095217391304348,0.10238043478260869,Oregon
42,2026-04-11,34.1653320652174,0.03077957843713279,Pennsylvania
44,2026-04-11,2.0888065217391305,0.0564542303172738,Rhode Island
45,2026-04-11,3.867778260869565,0.08994833164812942,South Carolina
46,2026-04-11,1.5542548913043477,0.05550910326086956,South Dakota
47,2026-04-11,4.061661956521739,0.02389212915601023,Tennessee
48,2026-04-11,13.396155978260868,0.026579674560041407,Texas
49,2026-04-11,3.0785369565217393,0.09054520460358056,Utah
50,2026-04-11,0.5581565217391306,0.06976956521739132,Vermont
51,2026-04-11,4.652558695652174,0.05815698369565218,Virginia
53,2026-04-11,5.788810869565219,0.03885107966151154,Washington
54,2026-04-11,7.077626630434783,0.11058791610054348,West Virginia
55,2026-04-11,7.94974402173913,0.061151877090301,Wisconsin
56,2026-04-11,1.2395945652173914,0.061979728260869574,Wyoming
US,2026-04-18,229.05375760869566,0.03300486420874577,United States
01,2026-04-18,2.71138097826087,0.028844478492136918,Alabama
02,2026-04-18,1.6006157608695653,0.10670771739130434,Alaska
04,2026-04-18,9.267601630434783,0.03677619694616977,Arizona
05,2026-04-18,1.745380434782609,0.07272418478260871,Arkansas
06,2026-04-18,40.34551684782609,0.04860905644316396,California
08,2026-04-18,11.980301086956525,0.11745393222506396,Colorado
09,2026-04-18,3.5585027173913044,0.051572503150598616,Connecticut
10,2026-04-18,1.59,0.099375,Delaware
11,2026-04-18,0.913695652173913,0.11421195652173913,District of Columbia
12,2026-04-18,16.54457391304348,0.024546845568313765,Florida
13,2026-04-18,2.8741184782608697,0.02763575459866221,Georgia
15,2026-04-18,6.373260869565217,0.13560129509713229,Hawaii
16,2026-04-18,1.631439673913044,0.056256540479760135,Idaho
17,2026-04-18,28.097852717391305,0.11805820469492145,Illinois
18,2026-04-18,6.106313043478261,0.05986581415174766,Indiana
19,2026-04-18,4.068045652173913,0.08302133984028394,Iowa
20,2026-04-18,1.0289152173913048,0.04473544423440456,Kansas
21,2026-04-18,5.580688043478261,0.054181437315322926,Kentucky
22,2026-04-18,3.922194021739131,0.03883360417563496,Louisiana
23,2026-04-18,2.2617434782608696,0.10280652173913044,Maine
24,2026-04-18,3.4956679347826087,0.07134016193433895,Maryland
25,2026-04-18,3.5788266304347824,0.030588261798587885,Massachusetts
26,2026-04-18,4.746774999999999,0.03542369402985074,Michigan
27,2026-04-18,11.799082608695654,0.1242008695652174,Minnesota
28,2026-04-18,3.6472891304347828,0.04676011705685619,Mississippi
29,2026-04-18,2.2895945652173917,0.03753433713471134,Missouri
30,2026-04-18,1.7497826086956523,0.10292838874680307,Montana
31,2026-04-18,2.4836570652173915,0.08278856884057971,Nebraska
32,2026-04-18,14.225432065217394,0.1016102290372671,Nevada
33,2026-04-18,1.5893771739130436,0.09933607336956522,New Hampshire
34,2026-04-18,13.048830978260872,0.08418600631136046,New Jersey
35,2026-04-18,5.527065217391305,0.1348064687168611,New Mexico
36,2026-04-18,16.69319184782609,0.04427902346903472,New York
37,2026-04-18,3.2808282608695656,0.04494285288862419,North Carolina
38,2026-04-18,0.9616347826086956,0.038465391304347826,North Dakota
39,2026-04-18,6.385826086956523,0.05601601830663616,Ohio
40,2026-04-18,2.2968679347826093,0.07920234257871067,Oklahoma
41,2026-04-18,4.019678260869565,0.08203425022182785,Oregon
42,2026-04-18,35.97806032608696,0.03799161597263671,Pennsylvania
44,2026-04-18,1.3587135869565214,0.05434854347826086,Rhode Island
45,2026-04-18,3.0353554347826086,0.0778296265328874,South Carolina
46,2026-04-18,1.8733309782608696,0.07493323913043479,South Dakota
47,2026-04-18,4.423615760869565,0.026809792490118577,Tennessee
48,2026-04-18,12.887875000000001,0.025419871794871797,Texas
49,2026-04-18,4.130439130434783,0.10590869565217392,Utah
50,2026-04-18,0.5251130434782609,0.08751884057971016,Vermont
51,2026-04-18,3.5612815217391303,0.04946224335748792,Virginia
53,2026-04-18,5.28301793478261,0.03856217470644241,Washington
54,2026-04-18,7.4581543478260865,0.13318132763975155,West Virginia
55,2026-04-18,4.8414875,0.06370378289473684,Wisconsin
56,2026-04-18,1.1510934782608693,0.07194334239130433,Wyoming
US,2026-04-25,212.19201195652175,0.033654561769472124,United States
01,2026-04-25,2.4708782608695654,0.026857372400756144,Alabama
02,2026-04-25,1.0615239130434784,0.08846032608695653,Alaska
04,2026-04-25,10.106061413043479,0.039787643358438894,Arizona
05,2026-04-25,1.8700021739130435,0.06233340579710145,Arkansas
06,2026-04-25,47.03505108695652,0.05792493976226173,California
08,2026-04-25,12.30146739130435,0.1308666743755782,Colorado
09,2026-04-25,4.832176086956522,0.12080440217391304,Connecticut
10,2026-04-25,2.298328804347826,0.12096467391304347,Delaware
11,2026-04-25,0.4714152173913043,0.11785380434782608,District of Columbia
12,2026-04-25,16.014615760869567,0.025460438411557342,Florida
13,2026-04-25,3.292669565217391,0.03502839962997225,Georgia
15,2026-04-25,7.019893478260871,0.13499795150501676,Hawaii
16,2026-04-25,2.511526086956522,0.08371753623188406,Idaho
17,2026-04-25,17.94402336956522,0.10195467823616601,Illinois
18,2026-04-25,4.370461956521739,0.053956320450885664,Indiana
19,2026-04-25,3.2083875,0.08671317567567569,Iowa
20,2026-04-25,0.9699070652173912,0.05104774027459954,Kansas
21,2026-04-25,4.627352717391306,0.05318796226886558,Kentucky
22,2026-04-25,3.1755092391304345,0.031440685535944896,Louisiana
23,2026-04-25,2.3418500000000004,0.10181956521739133,Maine
24,2026-04-25,3.605235326086958,0.06437920225155282,Maryland
25,2026-04-25,2.9870260869565217,0.03318917874396135,Massachusetts
26,2026-04-25,2.955695108695652,0.02762331877285656,Michigan
27,2026-04-25,12.343233695652177,0.13714704106280198,Minnesota
28,2026-04-25,3.458290217391305,0.0437758255365988,Mississippi
29,2026-04-25,2.4832809782608694,0.0539843690926276,Missouri
30,2026-04-25,1.7130456521739135,0.1223604037267081,Montana
31,2026-04-25,2.2106521739130436,0.08842608695652174,Nebraska
32,2026-04-25,19.478335326086956,0.12566667952314164,Nevada
33,2026-04-25,1.623933152173913,0.1623933152173913,New Hampshire
34,2026-04-25,15.437440760869567,0.09470822552680716,New Jersey
35,2026-04-25,4.887882608695653,0.14376125319693098,New Mexico
36,2026-04-25,12.269102717391306,0.04304948321891686,New York
37,2026-04-25,2.4460505434782602,0.03350754169148302,North Carolina
38,2026-04-25,1.1137543478260872,0.05062519762845851,North Dakota
39,2026-04-25,6.234354347826087,0.06234354347826087,Ohio
40,2026-04-25,1.6757086956521738,0.05236589673913043,Oklahoma
41,2026-04-25,4.830660869565217,0.09471884057971014,Oregon
42,2026-04-25,30.137217934782612,0.03873678397786968,Pennsylvania
44,2026-04-25,1.8897847826086955,0.07874103260869565,Rhode Island
45,2026-04-25,1.624891304347826,0.03778816986855409,South Carolina
46,2026-04-25,1.943695652173912,0.08834980237154146,South Dakota
47,2026-04-25,4.604931521739132,0.02990215273856579,Tennessee
48,2026-04-25,13.136365760869566,0.02596119715586871,Texas
49,2026-04-25,4.234347826086957,0.10327677624602333,Utah
50,2026-04-25,0.32936358695652174,0.10978786231884058,Vermont
51,2026-04-25,3.2722483695652174,0.04362997826086956,Virginia
53,2026-04-25,5.768599999999999,0.0461488,Washington
54,2026-04-25,2.3644722826086952,0.07388975883152173,West Virginia
55,2026-04-25,3.2764152173913046,0.06424343563512362,Wisconsin
56,2026-04-25,1.8336570652173914,0.10186983695652174,Wyoming
US,2026-05-02,166.51587282608693,0.029326501026080826,United States
01,2026-05-02,2.5101831521739135,0.028524808547430835,Alabama
02,2026-05-02,1.830557065217392,0.26150815217391316,Alaska
04,2026-05-02,12.058960326086957,0.050455900945970536,Arizona
05,2026-05-02,2.794891304347826,0.08469367588932805,Arkansas
06,2026-05-02,25.7339097826087,0.03510765318227653,California
08,2026-05-02,4.301480978260869,0.06721064028532608,Colorado
09,2026-05-02,4.770244021739131,0.19876016757246381,Connecticut
10,2026-05-02,1.8535891304347827,0.12357260869565218,Delaware
11,2026-05-02,0.3926086956521737,0.09815217391304343,District of Columbia
12,2026-05-02,20.947721195652175,0.03636757152022947,Florida
13,2026-05-02,4.59594402173913,0.04787441689311594,Georgia
15,2026-05-02,5.392733152173912,0.10370640677257524,Hawaii
16,2026-05-02,2.712624456521739,0.09353877436281859,Idaho
17,2026-05-02,8.979327173913044,0.07609599299926308,Illinois
18,2026-05-02,4.460006521739131,0.058684296338672774,Indiana
19,2026-05-02,1.4799048913043478,0.064343690926276,Iowa
20,2026-05-02,0.6870809782608697,0.045805398550724644,Kansas
21,2026-05-02,3.1035869565217395,0.043712492345376615,Kentucky
22,2026-05-02,2.7926146739130435,0.030354507325141777,Louisiana
23,2026-05-02,1.397191847826086,0.08732449048913038,Maine
24,2026-05-02,3.402395652173913,0.05969115179252479,Maryland
25,2026-05-02,2.9687472826086965,0.040667770994639675,Massachusetts
26,2026-05-02,2.552696739130435,0.02868198583292624,Michigan
27,2026-05-02,10.326032608695655,0.1307092735277931,Minnesota
28,2026-05-02,3.1910527173913037,0.04432017663043478,Mississippi
29,2026-05-02,2.3558532608695644,0.054787285136501496,Missouri
30,2026-05-02,1.5950000000000002,0.13291666666666668,Montana
31,2026-05-02,1.330287500000001,0.09502053571428579,Nebraska
32,2026-05-02,13.84009239130435,0.08929091865357644,Nevada
33,2026-05-02,0.816526086956522,0.09072512077294688,New Hampshire
34,2026-05-02,13.38788695652174,0.09045869565217392,New Jersey
35,2026-05-02,4.734132608695653,0.14794164402173915,New Mexico
36,2026-05-02,12.745228260869567,0.048645909392631935,New York
37,2026-05-02,2.2462135869565216,0.0335255759247242,North Carolina
38,2026-05-02,2.268876630434783,0.09075506521739132,North Dakota
39,2026-05-02,3.6907809782608694,0.047932220496894405,Ohio
40,2026-05-02,1.2671282608695653,0.03839782608695652,Oklahoma
41,2026-05-02,4.724293478260869,0.09842278079710144,Oregon
42,2026-05-02,29.03288260869565,0.041298552786195805,Pennsylvania
44,2026-05-02,1.7261456521739127,0.07192273550724636,Rhode Island
45,2026-05-02,1.6240804347826088,0.03961171792152704,South Carolina
46,2026-05-02,1.7285869565217382,0.09097826086956518,South Dakota
47,2026-05-02,4.338160869565217,0.02931189776733255,Tennessee
48,2026-05-02,12.384047282608696,0.025481578770799786,Texas
49,2026-05-02,2.9633695652173913,0.09559256661991584,Utah
50,2026-05-02,0.2015217391304348,0.2015217391304348,Vermont
51,2026-05-02,2.911363043478261,0.04219366729678639,Virginia
53,2026-05-02,3.92263097826087,0.03808379590544534,Washington
54,2026-05-02,1.2611048913043483,0.07006138285024158,West Virginia
55,2026-05-02,1.9497054347826093,0.0722113123993559,Wisconsin
56,2026-05-02,2.5747282608695654,0.11703310276679843,Wyoming
US,2026-05-09,130.35974673913043,0.025615984818064538,United States
01,2026-05-09,2.4707380434782613,0.028729512133468155,Alabama
02,2026-05-09,1.6915782608695653,0.28192971014492757,Alaska
04,2026-05-09,11.691747826086958,0.05338697637482629,Arizona
05,2026-05-09,2.6825701086956535,0.08383031589673917,Arkansas
06,2026-05-09,22.014104347826084,0.03335470355731225,California
08,2026-05-09,2.1509733695652176,0.04779940821256039,Colorado
09,2026-05-09,4.067309782608696,0.23925351662404093,Connecticut
10,2026-05-09,1.397391304347826,0.11644927536231885,Delaware
11,2026-05-09,0.5999070652173913,0.09998451086956522,District of Columbia
12,2026-05-09,21.777630434782612,0.040180129953473455,Florida
13,2026-05-09,4.789001086956523,0.05504598950524739,Georgia
15,2026-05-09,2.841310869565217,0.07679218566392479,Hawaii
16,2026-05-09,2.308156521739131,0.09617318840579712,Idaho
17,2026-05-09,16.16295706521739,0.10633524385011442,Illinois
18,2026-05-09,3.3975586956521733,0.052270133779264205,Indiana
19,2026-05-09,0.8056043478260873,0.07323675889328066,Iowa
20,2026-05-09,0.6850021739130435,0.045666811594202904,Kansas
21,2026-05-09,3.443806521739131,0.04991023944549465,Kentucky
22,2026-05-09,3.0811163043478267,0.032432803203661334,Louisiana
23,2026-05-09,1.1592391304347827,0.08917224080267559,Maine
24,2026-05-09,2.845783152173914,0.049926020213577435,Maryland
25,2026-05-09,3.3247342391304353,0.06649468478260871,Massachusetts
26,2026-05-09,2.3575945652173917,0.029842969179966983,Michigan
27,2026-05-09,4.7116619565217395,0.08889928219852339,Minnesota
28,2026-05-09,2.0329548913043483,0.03835763945857261,Mississippi
29,2026-05-09,2.1808717391304353,0.040386513687600656,Missouri
30,2026-05-09,1.3958288043478266,0.10737144648829436,Montana
31,2026-05-09,1.4051652173913054,0.14051652173913054,Nebraska
32,2026-05-09,13.732911413043478,0.10024022929228817,Nevada
33,2026-05-09,0.6139695652173905,0.07674619565217382,New Hampshire
34,2026-05-09,10.431451086956523,0.08149571161684784,New Jersey
35,2026-05-09,2.7597826086956525,0.1199905482041588,New Mexico
36,2026-05-09,9.714897282608696,0.0476220455029838,New York
37,2026-05-09,2.56159402173913,0.04494024599542333,North Carolina
38,2026-05-09,2.8765217391304354,0.10653784219001612,North Dakota
39,2026-05-09,2.5272847826086955,0.038881304347826086,Ohio
40,2026-05-09,1.094379347826087,0.032187627877237855,Oklahoma
41,2026-05-09,3.410706521739131,0.10031489769820973,Oregon
42,2026-05-09,17.35860217391304,0.026870901198007804,Pennsylvania
44,2026-05-09,1.8244630434782607,0.07601929347826086,Rhode Island
45,2026-05-09,1.3465217391304345,0.04080368906455862,South Carolina
46,2026-05-09,1.5353260869565217,0.10966614906832298,South Dakota
47,2026-05-09,4.265955434782608,0.029420382308845573,Tennessee
48,2026-05-09,11.746555978260872,0.02537053127054184,Texas
49,2026-05-09,2.0958152173913045,0.08383260869565218,Utah
50,2026-05-09,0.48586956521739055,0.1619565217391302,Vermont
51,2026-05-09,2.0057695652173915,0.0339960943257185,Virginia
53,2026-05-09,3.6135641304347828,0.04301862060041408,Washington
54,2026-05-09,1.2316347826086962,0.0879739130434783,West Virginia
55,2026-05-09,1.630923913043478,0.090606884057971,Wisconsin
56,2026-05-09,2.289678260869565,0.11448391304347824,Wyoming
US,2026-05-16,115.91004130434783,0.02505079777487526,United States
01,2026-05-16,2.8596396739130436,0.03619797055586131,Alabama
02,2026-05-16,1.9331701086956523,0.3866340217391305,Alaska
04,2026-05-16,10.949657608695652,0.05140684323331292,Arizona
05,2026-05-16,2.5738608695652174,0.09532818035426731,Arkansas
06,2026-05-16,15.84698641304348,0.026323897696085514,California
08,2026-05-16,1.5189853260869568,0.04339958074534162,Colorado
09,2026-05-16,4.2784983695652175,0.3889543972332016,Connecticut
10,2026-05-16,1.0272847826086957,0.12841059782608696,Delaware
11,2026-05-16,0.5380434782608695,0.07686335403726707,District of Columbia
12,2026-05-16,35.04977717391305,0.06819022796481138,Florida
13,2026-05-16,4.7292000000000005,0.0531370786516854,Georgia
15,2026-05-16,3.794907065217391,0.09035493012422359,Hawaii
16,2026-05-16,1.5032608695652172,0.07911899313501143,Idaho
17,2026-05-16,12.17569945652174,0.09740559565217391,Illinois
18,2026-05-16,2.9951695652173917,0.056512633305988526,Indiana
19,2026-05-16,1.0745652173913045,0.08954710144927537,Iowa
20,2026-05-16,0.6367527173913045,0.0424501811594203,Kansas
21,2026-05-16,3.5430206521739125,0.05905034420289854,Kentucky
22,2026-05-16,3.0100152173913046,0.029802130865260443,Louisiana
23,2026-05-16,1.0634804347826088,0.10634804347826088,Maine
24,2026-05-16,2.580679347826087,0.04779035829307569,Maryland
25,2026-05-16,4.644734782608696,0.12553337250293772,Massachusetts
26,2026-05-16,3.7391527173913044,0.05752542642140468,Michigan
27,2026-05-16,4.379621739130435,0.1018516683518706,Minnesota
28,2026-05-16,2.122424999999999,0.04935872093023253,Mississippi
29,2026-05-16,2.4000021739130437,0.05000004528985508,Missouri
30,2026-05-16,0.4527717391304346,0.09055434782608693,Montana
31,2026-05-16,1.0042548913043476,0.33475163043478257,Nebraska
32,2026-05-16,6.97707391304348,0.06644832298136648,Nevada
33,2026-05-16,0.774458695652174,0.08605096618357488,New Hampshire
34,2026-05-16,6.821530434782609,0.06375262088581878,New Jersey
35,2026-05-16,1.2750021739130435,0.09107158385093168,New Mexico
36,2026-05-16,6.433115760869566,0.041503972650771395,New York
37,2026-05-16,1.9160097826086955,0.04076616558741905,North Carolina
38,2026-05-16,2.6294043478260862,0.10113093645484947,North Dakota
39,2026-05-16,2.2839875000000007,0.03683850806451614,Ohio
40,2026-05-16,1.4684804347826088,0.03765334448160535,Oklahoma
41,2026-05-16,1.8584983695652175,0.08080427693761816,Oregon
42,2026-05-16,21.20110434782609,0.032972168503617554,Pennsylvania
44,2026-05-16,1.8299070652173903,0.10166150362318835,Rhode Island
45,2026-05-16,1.65148097826087,0.056947619940029996,South Carolina
46,2026-05-16,0.8983695652173912,0.09981884057971013,South Dakota
47,2026-05-16,3.560040217391304,0.02942181997844053,Tennessee
48,2026-05-16,10.093957608695654,0.023639244985235723,Texas
49,2026-05-16,1.7983967391304352,0.07819116257088848,Utah
50,2026-05-16,0.3780434782608696,0.1890217391304348,Vermont
51,2026-05-16,1.8786749999999997,0.032959210526315785,Virginia
53,2026-05-16,3.4168701086956523,0.05338859544836957,Washington
54,2026-05-16,1.9957744565217392,0.1247359035326087,West Virginia
55,2026-05-16,1.0742614130434784,0.05968118961352658,Wisconsin
56,2026-05-16,1.670217391304348,0.10438858695652176,Wyoming
US,2026-05-23,110.26910108695654,0.026551673750772102,United States
01,2026-05-23,2.950579347826087,0.04276201953371141,Alabama
02,2026-05-23,1.4042934782608698,0.280858695652174,Alaska
04,2026-05-23,8.490289673913043,0.0493621492669363,Arizona
05,2026-05-23,1.9232608695652174,0.10122425629290617,Arkansas
06,2026-05-23,13.196515760869564,0.024037369327631265,California
08,2026-05-23,1.2165353260869567,0.04505686392914655,Colorado
09,2026-05-23,3.9816869565217403,0.4424096618357489,Connecticut
10,2026-05-23,0.3716847826086956,0.0929211956521739,Delaware
11,2026-05-23,1.0160869565217392,0.10160869565217392,District of Columbia
12,2026-05-23,28.47739836956522,0.05859546989622473,Florida
13,2026-05-23,4.747624456521739,0.06782320652173912,Georgia
15,2026-05-23,3.340434782608695,0.0879061784897025,Hawaii
16,2026-05-23,0.9445831521739131,0.07871526268115943,Idaho
17,2026-05-23,13.049748369565217,0.12083100342190016,Illinois
18,2026-05-23,2.1743250000000005,0.049416477272727286,Indiana
19,2026-05-23,0.9668478260869565,0.09668478260869565,Iowa
20,2026-05-23,0.6718499999999998,0.0479892857142857,Kansas
21,2026-05-23,3.3554027173913044,0.07625915266798419,Kentucky
22,2026-05-23,2.8681701086956526,0.02811931479113385,Louisiana
23,2026-05-23,0.7633695652173909,0.10905279503105583,Maine
24,2026-05-23,2.554365760869566,0.04819558039376539,Maryland
25,2026-05-23,4.859211413043479,0.20246714221014495,Massachusetts
26,2026-05-23,5.668634239130435,0.1206092391304348,Michigan
27,2026-05-23,1.9451086956521741,0.06946816770186336,Minnesota
28,2026-05-23,2.975165217391304,0.09297391304347825,Mississippi
29,2026-05-23,2.517751086956522,0.04577729249011858,Missouri
30,2026-05-23,0.9404891304347825,0.11756114130434782,Montana
31,2026-05-23,1.1658695652173912,,Nebraska
32,2026-05-23,6.571539673913043,0.0730171074879227,Nevada
33,2026-05-23,0.7840217391304347,0.09800271739130434,New Hampshire
34,2026-05-23,4.357372826086957,0.04788321786908744,New Jersey
35,2026-05-23,1.0462635869565218,0.08718863224637681,New Mexico
36,2026-05-23,5.388384782608695,0.042096756114130426,New York
37,2026-05-23,1.975572826086957,0.04703744824016564,North Carolina
38,2026-05-23,1.8710891304347825,0.08504950592885376,North Dakota
39,2026-05-23,2.367357065217391,0.041532580091533176,Ohio
40,2026-05-23,1.551102717391305,0.038777567934782625,Oklahoma
41,2026-05-23,1.1033195652173915,0.07880854037267082,Oregon
42,2026-05-23,20.58595652173913,0.03196577099648933,Pennsylvania
44,2026-05-23,0.8696782608695656,0.09663091787439618,Rhode Island
45,2026-05-23,1.6712565217391306,0.057629535232383816,South Carolina
46,2026-05-23,0.9496760869565218,0.09496760869565218,South Dakota
47,2026-05-23,3.5141277173913044,0.03223970382927802,Tennessee
48,2026-05-23,10.633060326086957,0.027334345311277524,Texas
49,2026-05-23,1.524293478260869,0.07258540372670805,Utah
50,2026-05-23,0.37076086956521737,0.18538043478260868,Vermont
51,2026-05-23,2.5777260869565217,0.04369027266028003,Virginia
53,2026-05-23,2.3447391304347827,0.049888066604995375,Washington
54,2026-05-23,1.9154347826086948,0.13681677018633534,West Virginia
55,2026-05-23,1.737284782608696,0.15793498023715416,Wisconsin
56,2026-05-23,0.7595152173913043,0.09493940217391304,Wyoming
US,2026-05-30,119.3675472826087,0.03310248122091201,United States
01,2026-05-30,2.9511750000000005,0.04540269230769232,Alabama
02,2026-05-30,0.9534260869565215,0.11917826086956519,Alaska
04,2026-05-30,5.73051847826087,0.04182860203110124,Arizona
05,2026-05-30,1.038111413043478,0.1038111413043478,Arkansas
06,2026-05-30,13.763008695652175,0.027471075240822703,California
08,2026-05-30,1.0192027173913047,0.04853346273291927,Colorado
09,2026-05-30,3.4967956521739136,0.38853285024154594,Connecticut
10,2026-05-30,0.22771739130434784,0.11385869565217392,Delaware
11,2026-05-30,1.0150021739130435,0.12687527173913044,District of Columbia
12,2026-05-30,35.14139945652174,0.07968571305333728,Florida
13,2026-05-30,4.086127173913044,0.09286652667984191,Georgia
15,2026-05-30,1.4175021739130442,0.052500080515297934,Hawaii
16,2026-05-30,1.1594157608695652,0.09661798007246376,Idaho
17,2026-05-30,12.997026630434783,0.12378120600414079,Illinois
18,2026-05-30,2.0773934782608694,0.07163425787106446,Indiana
19,2026-05-30,0.9347826086956522,0.10386473429951691,Iowa
20,2026-05-30,0.9528940217391303,0.10587711352657003,Kansas
21,2026-05-30,3.7253440217391303,0.12017238779803646,Kentucky
22,2026-05-30,3.3623728260869568,0.037359698067632854,Louisiana
23,2026-05-30,0.5274456521739128,0.1318614130434782,Maine
24,2026-05-30,2.337092391304348,0.046741847826086966,Maryland
25,2026-05-30,5.87464891304348,0.4196177795031057,Massachusetts
26,2026-05-30,6.3417706521739134,0.15854426630434784,Michigan
27,2026-05-30,1.3190896739130433,0.07328275966183574,Minnesota
28,2026-05-30,3.220507065217392,0.119278039452496,Mississippi
29,2026-05-30,2.621129891304348,0.05139470375106565,Missouri
30,2026-05-30,0.9385869565217391,0.13408385093167702,Montana
31,2026-05-30,1.5322847826086956,0.2553807971014493,Nebraska
32,2026-05-30,4.232017391304348,0.06045739130434783,Nevada
33,2026-05-30,0.9104347826086957,0.15173913043478263,New Hampshire
34,2026-05-30,3.1811048913043467,0.04078339604236342,New Jersey
35,2026-05-30,0.6048934782608696,0.0756116847826087,New Mexico
36,2026-05-30,4.252166847826087,0.046219204867674855,New York
37,2026-05-30,2.6770875000000003,0.07873786764705883,North Carolina
38,2026-05-30,0.9420695652173913,0.06280463768115942,North Dakota
39,2026-05-30,2.2144809782608696,0.04100890700483092,Ohio
40,2026-05-30,1.934925,0.05528357142857143,Oklahoma
41,2026-05-30,1.095613586956522,0.08427796822742477,Oregon
42,2026-05-30,18.98312608695652,0.03158590031107574,Pennsylvania
44,2026-05-30,1.1003804347826087,0.22007608695652175,Rhode Island
45,2026-05-30,2.0156657608695654,0.09598408385093168,South Carolina
46,2026-05-30,0.5784804347826087,0.09641340579710145,South Dakota
47,2026-05-30,3.602091847826087,0.036384766139657444,Tennessee
48,2026-05-30,11.19248097826087,0.03207014606951539,Texas
49,2026-05-30,1.5972282608695652,0.06944470699432892,Utah
50,2026-05-30,0.37945652173913047,0.18972826086956524,Vermont
51,2026-05-30,2.915885326086957,0.058317706521739135,Virginia
53,2026-05-30,2.420167391304348,0.050420153985507254,Washington
54,2026-05-30,2.1128961956521746,0.15092115683229818,West Virginia
55,2026-05-30,2.1424184782608693,0.26780230978260866,Wisconsin
56,2026-05-30,0.5804391304347826,0.14510978260869564,Wyoming
